date,day_of_week,day_of_month,month,is_weekend,department,daily_appointment_demand
2025-01-01,2,1,1,0,Cardiology,30
2025-01-01,2,1,1,0,Pediatrics,34
2025-01-01,2,1,1,0,Dermatology,20
2025-01-01,2,1,1,0,General Medicine,45
2025-01-01,2,1,1,0,Orthopedics,21
2025-01-01,2,1,1,0,Neurology,14
2025-01-01,2,1,1,0,ENT,19
2025-01-01,2,1,1,0,Gynecology,18
2025-01-02,3,2,1,0,Cardiology,27
2025-01-02,3,2,1,0,Pediatrics,34
2025-01-02,3,2,1,0,Dermatology,17
2025-01-02,3,2,1,0,General Medicine,39
2025-01-02,3,2,1,0,Orthopedics,20
2025-01-02,3,2,1,0,Neurology,10
2025-01-02,3,2,1,0,ENT,12
2025-01-02,3,2,1,0,Gynecology,15
2025-01-03,4,3,1,0,Cardiology,24
2025-01-03,4,3,1,0,Pediatrics,32
2025-01-03,4,3,1,0,Dermatology,15
2025-01-03,4,3,1,0,General Medicine,35
2025-01-03,4,3,1,0,Orthopedics,22
2025-01-03,4,3,1,0,Neurology,13
2025-01-03,4,3,1,0,ENT,14
2025-01-03,4,3,1,0,Gynecology,12
2025-01-04,5,4,1,1,Cardiology,14
2025-01-04,5,4,1,1,Pediatrics,18
2025-01-04,5,4,1,1,Dermatology,8
2025-01-04,5,4,1,1,General Medicine,23
2025-01-04,5,4,1,1,Orthopedics,10
2025-01-04,5,4,1,1,Neurology,7
2025-01-04,5,4,1,1,ENT,7
2025-01-04,5,4,1,1,Gynecology,13
2025-01-05,6,5,1,1,Cardiology,11
2025-01-05,6,5,1,1,Pediatrics,11
2025-01-05,6,5,1,1,Dermatology,9
2025-01-05,6,5,1,1,General Medicine,14
2025-01-05,6,5,1,1,Orthopedics,8
2025-01-05,6,5,1,1,Neurology,2
2025-01-05,6,5,1,1,ENT,3
2025-01-05,6,5,1,1,Gynecology,7
2025-01-06,0,6,1,0,Cardiology,36
2025-01-06,0,6,1,0,Pediatrics,41
2025-01-06,0,6,1,0,Dermatology,22
2025-01-06,0,6,1,0,General Medicine,49
2025-01-06,0,6,1,0,Orthopedics,22
2025-01-06,0,6,1,0,Neurology,16
2025-01-06,0,6,1,0,ENT,18
2025-01-06,0,6,1,0,Gynecology,22
2025-01-07,1,7,1,0,Cardiology,32
2025-01-07,1,7,1,0,Pediatrics,34
2025-01-07,1,7,1,0,Dermatology,21
2025-01-07,1,7,1,0,General Medicine,45
2025-01-07,1,7,1,0,Orthopedics,22
2025-01-07,1,7,1,0,Neurology,17
2025-01-07,1,7,1,0,ENT,19
2025-01-07,1,7,1,0,Gynecology,20
2025-01-08,2,8,1,0,Cardiology,27
2025-01-08,2,8,1,0,Pediatrics,34
2025-01-08,2,8,1,0,Dermatology,20
2025-01-08,2,8,1,0,General Medicine,44
2025-01-08,2,8,1,0,Orthopedics,20
2025-01-08,2,8,1,0,Neurology,14
2025-01-08,2,8,1,0,ENT,14
2025-01-08,2,8,1,0,Gynecology,14
2025-01-09,3,9,1,0,Cardiology,29
2025-01-09,3,9,1,0,Pediatrics,35
2025-01-09,3,9,1,0,Dermatology,18
2025-01-09,3,9,1,0,General Medicine,42
2025-01-09,3,9,1,0,Orthopedics,21
2025-01-09,3,9,1,0,Neurology,13
2025-01-09,3,9,1,0,ENT,16
2025-01-09,3,9,1,0,Gynecology,19
2025-01-10,4,10,1,0,Cardiology,26
2025-01-10,4,10,1,0,Pediatrics,34
2025-01-10,4,10,1,0,Dermatology,12
2025-01-10,4,10,1,0,General Medicine,40
2025-01-10,4,10,1,0,Orthopedics,19
2025-01-10,4,10,1,0,Neurology,13
2025-01-10,4,10,1,0,ENT,14
2025-01-10,4,10,1,0,Gynecology,11
2025-01-11,5,11,1,1,Cardiology,15
2025-01-11,5,11,1,1,Pediatrics,19
2025-01-11,5,11,1,1,Dermatology,13
2025-01-11,5,11,1,1,General Medicine,21
2025-01-11,5,11,1,1,Orthopedics,9
2025-01-11,5,11,1,1,Neurology,7
2025-01-11,5,11,1,1,ENT,10
2025-01-11,5,11,1,1,Gynecology,9
2025-01-12,6,12,1,1,Cardiology,10
2025-01-12,6,12,1,1,Pediatrics,14
2025-01-12,6,12,1,1,Dermatology,7
2025-01-12,6,12,1,1,General Medicine,18
2025-01-12,6,12,1,1,Orthopedics,7
2025-01-12,6,12,1,1,Neurology,5
2025-01-12,6,12,1,1,ENT,5
2025-01-12,6,12,1,1,Gynecology,3
2025-01-13,0,13,1,0,Cardiology,35
2025-01-13,0,13,1,0,Pediatrics,41
2025-01-13,0,13,1,0,Dermatology,23
2025-01-13,0,13,1,0,General Medicine,50
2025-01-13,0,13,1,0,Orthopedics,22
2025-01-13,0,13,1,0,Neurology,17
2025-01-13,0,13,1,0,ENT,18
2025-01-13,0,13,1,0,Gynecology,18
2025-01-14,1,14,1,0,Cardiology,31
2025-01-14,1,14,1,0,Pediatrics,38
2025-01-14,1,14,1,0,Dermatology,24
2025-01-14,1,14,1,0,General Medicine,46
2025-01-14,1,14,1,0,Orthopedics,24
2025-01-14,1,14,1,0,Neurology,16
2025-01-14,1,14,1,0,ENT,13
2025-01-14,1,14,1,0,Gynecology,18
2025-01-15,2,15,1,0,Cardiology,29
2025-01-15,2,15,1,0,Pediatrics,39
2025-01-15,2,15,1,0,Dermatology,19
2025-01-15,2,15,1,0,General Medicine,43
2025-01-15,2,15,1,0,Orthopedics,21
2025-01-15,2,15,1,0,Neurology,12
2025-01-15,2,15,1,0,ENT,18
2025-01-15,2,15,1,0,Gynecology,18
2025-01-16,3,16,1,0,Cardiology,29
2025-01-16,3,16,1,0,Pediatrics,31
2025-01-16,3,16,1,0,Dermatology,21
2025-01-16,3,16,1,0,General Medicine,37
2025-01-16,3,16,1,0,Orthopedics,21
2025-01-16,3,16,1,0,Neurology,18
2025-01-16,3,16,1,0,ENT,13
2025-01-16,3,16,1,0,Gynecology,15
2025-01-17,4,17,1,0,Cardiology,26
2025-01-17,4,17,1,0,Pediatrics,30
2025-01-17,4,17,1,0,Dermatology,14
2025-01-17,4,17,1,0,General Medicine,38
2025-01-17,4,17,1,0,Orthopedics,17
2025-01-17,4,17,1,0,Neurology,14
2025-01-17,4,17,1,0,ENT,12
2025-01-17,4,17,1,0,Gynecology,18
2025-01-18,5,18,1,1,Cardiology,14
2025-01-18,5,18,1,1,Pediatrics,17
2025-01-18,5,18,1,1,Dermatology,12
2025-01-18,5,18,1,1,General Medicine,20
2025-01-18,5,18,1,1,Orthopedics,11
2025-01-18,5,18,1,1,Neurology,10
2025-01-18,5,18,1,1,ENT,5
2025-01-18,5,18,1,1,Gynecology,9
2025-01-19,6,19,1,1,Cardiology,12
2025-01-19,6,19,1,1,Pediatrics,15
2025-01-19,6,19,1,1,Dermatology,5
2025-01-19,6,19,1,1,General Medicine,13
2025-01-19,6,19,1,1,Orthopedics,9
2025-01-19,6,19,1,1,Neurology,6
2025-01-19,6,19,1,1,ENT,7
2025-01-19,6,19,1,1,Gynecology,7
2025-01-20,0,20,1,0,Cardiology,33
2025-01-20,0,20,1,0,Pediatrics,41
2025-01-20,0,20,1,0,Dermatology,23
2025-01-20,0,20,1,0,General Medicine,49
2025-01-20,0,20,1,0,Orthopedics,29
2025-01-20,0,20,1,0,Neurology,18
2025-01-20,0,20,1,0,ENT,16
2025-01-20,0,20,1,0,Gynecology,21
2025-01-21,1,21,1,0,Cardiology,30
2025-01-21,1,21,1,0,Pediatrics,39
2025-01-21,1,21,1,0,Dermatology,23
2025-01-21,1,21,1,0,General Medicine,44
2025-01-21,1,21,1,0,Orthopedics,25
2025-01-21,1,21,1,0,Neurology,17
2025-01-21,1,21,1,0,ENT,19
2025-01-21,1,21,1,0,Gynecology,22
2025-01-22,2,22,1,0,Cardiology,28
2025-01-22,2,22,1,0,Pediatrics,33
2025-01-22,2,22,1,0,Dermatology,17
2025-01-22,2,22,1,0,General Medicine,40
2025-01-22,2,22,1,0,Orthopedics,21
2025-01-22,2,22,1,0,Neurology,15
2025-01-22,2,22,1,0,ENT,16
2025-01-22,2,22,1,0,Gynecology,18
2025-01-23,3,23,1,0,Cardiology,28
2025-01-23,3,23,1,0,Pediatrics,35
2025-01-23,3,23,1,0,Dermatology,17
2025-01-23,3,23,1,0,General Medicine,45
2025-01-23,3,23,1,0,Orthopedics,21
2025-01-23,3,23,1,0,Neurology,12
2025-01-23,3,23,1,0,ENT,13
2025-01-23,3,23,1,0,Gynecology,17
2025-01-24,4,24,1,0,Cardiology,26
2025-01-24,4,24,1,0,Pediatrics,32
2025-01-24,4,24,1,0,Dermatology,18
2025-01-24,4,24,1,0,General Medicine,38
2025-01-24,4,24,1,0,Orthopedics,17
2025-01-24,4,24,1,0,Neurology,10
2025-01-24,4,24,1,0,ENT,13
2025-01-24,4,24,1,0,Gynecology,17
2025-01-25,5,25,1,1,Cardiology,16
2025-01-25,5,25,1,1,Pediatrics,15
2025-01-25,5,25,1,1,Dermatology,10
2025-01-25,5,25,1,1,General Medicine,23
2025-01-25,5,25,1,1,Orthopedics,9
2025-01-25,5,25,1,1,Neurology,8
2025-01-25,5,25,1,1,ENT,8
2025-01-25,5,25,1,1,Gynecology,7
2025-01-26,6,26,1,1,Cardiology,12
2025-01-26,6,26,1,1,Pediatrics,14
2025-01-26,6,26,1,1,Dermatology,9
2025-01-26,6,26,1,1,General Medicine,18
2025-01-26,6,26,1,1,Orthopedics,5
2025-01-26,6,26,1,1,Neurology,4
2025-01-26,6,26,1,1,ENT,7
2025-01-26,6,26,1,1,Gynecology,7
2025-01-27,0,27,1,0,Cardiology,36
2025-01-27,0,27,1,0,Pediatrics,48
2025-01-27,0,27,1,0,Dermatology,24
2025-01-27,0,27,1,0,General Medicine,52
2025-01-27,0,27,1,0,Orthopedics,27
2025-01-27,0,27,1,0,Neurology,19
2025-01-27,0,27,1,0,ENT,18
2025-01-27,0,27,1,0,Gynecology,22
2025-01-28,1,28,1,0,Cardiology,30
2025-01-28,1,28,1,0,Pediatrics,37
2025-01-28,1,28,1,0,Dermatology,20
2025-01-28,1,28,1,0,General Medicine,46
2025-01-28,1,28,1,0,Orthopedics,28
2025-01-28,1,28,1,0,Neurology,12
2025-01-28,1,28,1,0,ENT,19
2025-01-28,1,28,1,0,Gynecology,15
2025-01-29,2,29,1,0,Cardiology,28
2025-01-29,2,29,1,0,Pediatrics,36
2025-01-29,2,29,1,0,Dermatology,19
2025-01-29,2,29,1,0,General Medicine,40
2025-01-29,2,29,1,0,Orthopedics,20
2025-01-29,2,29,1,0,Neurology,16
2025-01-29,2,29,1,0,ENT,14
2025-01-29,2,29,1,0,Gynecology,17
2025-01-30,3,30,1,0,Cardiology,28
2025-01-30,3,30,1,0,Pediatrics,31
2025-01-30,3,30,1,0,Dermatology,22
2025-01-30,3,30,1,0,General Medicine,41
2025-01-30,3,30,1,0,Orthopedics,16
2025-01-30,3,30,1,0,Neurology,14
2025-01-30,3,30,1,0,ENT,14
2025-01-30,3,30,1,0,Gynecology,18
2025-01-31,4,31,1,0,Cardiology,25
2025-01-31,4,31,1,0,Pediatrics,31
2025-01-31,4,31,1,0,Dermatology,18
2025-01-31,4,31,1,0,General Medicine,40
2025-01-31,4,31,1,0,Orthopedics,17
2025-01-31,4,31,1,0,Neurology,13
2025-01-31,4,31,1,0,ENT,13
2025-01-31,4,31,1,0,Gynecology,14
2025-02-01,5,1,2,1,Cardiology,17
2025-02-01,5,1,2,1,Pediatrics,19
2025-02-01,5,1,2,1,Dermatology,7
2025-02-01,5,1,2,1,General Medicine,24
2025-02-01,5,1,2,1,Orthopedics,15
2025-02-01,5,1,2,1,Neurology,10
2025-02-01,5,1,2,1,ENT,5
2025-02-01,5,1,2,1,Gynecology,8
2025-02-02,6,2,2,1,Cardiology,12
2025-02-02,6,2,2,1,Pediatrics,12
2025-02-02,6,2,2,1,Dermatology,8
2025-02-02,6,2,2,1,General Medicine,18
2025-02-02,6,2,2,1,Orthopedics,6
2025-02-02,6,2,2,1,Neurology,5
2025-02-02,6,2,2,1,ENT,2
2025-02-02,6,2,2,1,Gynecology,4
2025-02-03,0,3,2,0,Cardiology,29
2025-02-03,0,3,2,0,Pediatrics,38
2025-02-03,0,3,2,0,Dermatology,26
2025-02-03,0,3,2,0,General Medicine,47
2025-02-03,0,3,2,0,Orthopedics,24
2025-02-03,0,3,2,0,Neurology,18
2025-02-03,0,3,2,0,ENT,22
2025-02-03,0,3,2,0,Gynecology,17
2025-02-04,1,4,2,0,Cardiology,30
2025-02-04,1,4,2,0,Pediatrics,37
2025-02-04,1,4,2,0,Dermatology,19
2025-02-04,1,4,2,0,General Medicine,47
2025-02-04,1,4,2,0,Orthopedics,23
2025-02-04,1,4,2,0,Neurology,15
2025-02-04,1,4,2,0,ENT,17
2025-02-04,1,4,2,0,Gynecology,18
2025-02-05,2,5,2,0,Cardiology,25
2025-02-05,2,5,2,0,Pediatrics,35
2025-02-05,2,5,2,0,Dermatology,22
2025-02-05,2,5,2,0,General Medicine,40
2025-02-05,2,5,2,0,Orthopedics,25
2025-02-05,2,5,2,0,Neurology,11
2025-02-05,2,5,2,0,ENT,15
2025-02-05,2,5,2,0,Gynecology,18
2025-02-06,3,6,2,0,Cardiology,25
2025-02-06,3,6,2,0,Pediatrics,31
2025-02-06,3,6,2,0,Dermatology,18
2025-02-06,3,6,2,0,General Medicine,39
2025-02-06,3,6,2,0,Orthopedics,19
2025-02-06,3,6,2,0,Neurology,16
2025-02-06,3,6,2,0,ENT,16
2025-02-06,3,6,2,0,Gynecology,15
2025-02-07,4,7,2,0,Cardiology,25
2025-02-07,4,7,2,0,Pediatrics,31
2025-02-07,4,7,2,0,Dermatology,19
2025-02-07,4,7,2,0,General Medicine,39
2025-02-07,4,7,2,0,Orthopedics,17
2025-02-07,4,7,2,0,Neurology,12
2025-02-07,4,7,2,0,ENT,16
2025-02-07,4,7,2,0,Gynecology,16
2025-02-08,5,8,2,1,Cardiology,13
2025-02-08,5,8,2,1,Pediatrics,18
2025-02-08,5,8,2,1,Dermatology,12
2025-02-08,5,8,2,1,General Medicine,21
2025-02-08,5,8,2,1,Orthopedics,12
2025-02-08,5,8,2,1,Neurology,7
2025-02-08,5,8,2,1,ENT,8
2025-02-08,5,8,2,1,Gynecology,11
2025-02-09,6,9,2,1,Cardiology,11
2025-02-09,6,9,2,1,Pediatrics,15
2025-02-09,6,9,2,1,Dermatology,10
2025-02-09,6,9,2,1,General Medicine,16
2025-02-09,6,9,2,1,Orthopedics,9
2025-02-09,6,9,2,1,Neurology,5
2025-02-09,6,9,2,1,ENT,7
2025-02-09,6,9,2,1,Gynecology,6
2025-02-10,0,10,2,0,Cardiology,30
2025-02-10,0,10,2,0,Pediatrics,42
2025-02-10,0,10,2,0,Dermatology,21
2025-02-10,0,10,2,0,General Medicine,54
2025-02-10,0,10,2,0,Orthopedics,23
2025-02-10,0,10,2,0,Neurology,15
2025-02-10,0,10,2,0,ENT,21
2025-02-10,0,10,2,0,Gynecology,22
2025-02-11,1,11,2,0,Cardiology,29
2025-02-11,1,11,2,0,Pediatrics,39
2025-02-11,1,11,2,0,Dermatology,21
2025-02-11,1,11,2,0,General Medicine,44
2025-02-11,1,11,2,0,Orthopedics,23
2025-02-11,1,11,2,0,Neurology,15
2025-02-11,1,11,2,0,ENT,19
2025-02-11,1,11,2,0,Gynecology,18
2025-02-12,2,12,2,0,Cardiology,24
2025-02-12,2,12,2,0,Pediatrics,33
2025-02-12,2,12,2,0,Dermatology,20
2025-02-12,2,12,2,0,General Medicine,41
2025-02-12,2,12,2,0,Orthopedics,19
2025-02-12,2,12,2,0,Neurology,15
2025-02-12,2,12,2,0,ENT,16
2025-02-12,2,12,2,0,Gynecology,16
2025-02-13,3,13,2,0,Cardiology,23
2025-02-13,3,13,2,0,Pediatrics,33
2025-02-13,3,13,2,0,Dermatology,15
2025-02-13,3,13,2,0,General Medicine,37
2025-02-13,3,13,2,0,Orthopedics,19
2025-02-13,3,13,2,0,Neurology,14
2025-02-13,3,13,2,0,ENT,16
2025-02-13,3,13,2,0,Gynecology,19
2025-02-14,4,14,2,0,Cardiology,25
2025-02-14,4,14,2,0,Pediatrics,31
2025-02-14,4,14,2,0,Dermatology,17
2025-02-14,4,14,2,0,General Medicine,36
2025-02-14,4,14,2,0,Orthopedics,19
2025-02-14,4,14,2,0,Neurology,13
2025-02-14,4,14,2,0,ENT,15
2025-02-14,4,14,2,0,Gynecology,14
2025-02-15,5,15,2,1,Cardiology,14
2025-02-15,5,15,2,1,Pediatrics,21
2025-02-15,5,15,2,1,Dermatology,10
2025-02-15,5,15,2,1,General Medicine,23
2025-02-15,5,15,2,1,Orthopedics,12
2025-02-15,5,15,2,1,Neurology,7
2025-02-15,5,15,2,1,ENT,9
2025-02-15,5,15,2,1,Gynecology,9
2025-02-16,6,16,2,1,Cardiology,10
2025-02-16,6,16,2,1,Pediatrics,11
2025-02-16,6,16,2,1,Dermatology,7
2025-02-16,6,16,2,1,General Medicine,17
2025-02-16,6,16,2,1,Orthopedics,11
2025-02-16,6,16,2,1,Neurology,8
2025-02-16,6,16,2,1,ENT,10
2025-02-16,6,16,2,1,Gynecology,5
2025-02-17,0,17,2,0,Cardiology,32
2025-02-17,0,17,2,0,Pediatrics,41
2025-02-17,0,17,2,0,Dermatology,27
2025-02-17,0,17,2,0,General Medicine,48
2025-02-17,0,17,2,0,Orthopedics,23
2025-02-17,0,17,2,0,Neurology,16
2025-02-17,0,17,2,0,ENT,15
2025-02-17,0,17,2,0,Gynecology,19
2025-02-18,1,18,2,0,Cardiology,26
2025-02-18,1,18,2,0,Pediatrics,38
2025-02-18,1,18,2,0,Dermatology,21
2025-02-18,1,18,2,0,General Medicine,50
2025-02-18,1,18,2,0,Orthopedics,25
2025-02-18,1,18,2,0,Neurology,15
2025-02-18,1,18,2,0,ENT,15
2025-02-18,1,18,2,0,Gynecology,19
2025-02-19,2,19,2,0,Cardiology,23
2025-02-19,2,19,2,0,Pediatrics,38
2025-02-19,2,19,2,0,Dermatology,21
2025-02-19,2,19,2,0,General Medicine,41
2025-02-19,2,19,2,0,Orthopedics,18
2025-02-19,2,19,2,0,Neurology,17
2025-02-19,2,19,2,0,ENT,16
2025-02-19,2,19,2,0,Gynecology,19
2025-02-20,3,20,2,0,Cardiology,21
2025-02-20,3,20,2,0,Pediatrics,31
2025-02-20,3,20,2,0,Dermatology,18
2025-02-20,3,20,2,0,General Medicine,40
2025-02-20,3,20,2,0,Orthopedics,19
2025-02-20,3,20,2,0,Neurology,15
2025-02-20,3,20,2,0,ENT,13
2025-02-20,3,20,2,0,Gynecology,16
2025-02-21,4,21,2,0,Cardiology,23
2025-02-21,4,21,2,0,Pediatrics,32
2025-02-21,4,21,2,0,Dermatology,19
2025-02-21,4,21,2,0,General Medicine,36
2025-02-21,4,21,2,0,Orthopedics,16
2025-02-21,4,21,2,0,Neurology,16
2025-02-21,4,21,2,0,ENT,15
2025-02-21,4,21,2,0,Gynecology,14
2025-02-22,5,22,2,1,Cardiology,16
2025-02-22,5,22,2,1,Pediatrics,18
2025-02-22,5,22,2,1,Dermatology,12
2025-02-22,5,22,2,1,General Medicine,22
2025-02-22,5,22,2,1,Orthopedics,15
2025-02-22,5,22,2,1,Neurology,11
2025-02-22,5,22,2,1,ENT,8
2025-02-22,5,22,2,1,Gynecology,11
2025-02-23,6,23,2,1,Cardiology,11
2025-02-23,6,23,2,1,Pediatrics,16
2025-02-23,6,23,2,1,Dermatology,5
2025-02-23,6,23,2,1,General Medicine,17
2025-02-23,6,23,2,1,Orthopedics,10
2025-02-23,6,23,2,1,Neurology,2
2025-02-23,6,23,2,1,ENT,4
2025-02-23,6,23,2,1,Gynecology,2
2025-02-24,0,24,2,0,Cardiology,29
2025-02-24,0,24,2,0,Pediatrics,42
2025-02-24,0,24,2,0,Dermatology,26
2025-02-24,0,24,2,0,General Medicine,50
2025-02-24,0,24,2,0,Orthopedics,28
2025-02-24,0,24,2,0,Neurology,15
2025-02-24,0,24,2,0,ENT,15
2025-02-24,0,24,2,0,Gynecology,20
2025-02-25,1,25,2,0,Cardiology,28
2025-02-25,1,25,2,0,Pediatrics,37
2025-02-25,1,25,2,0,Dermatology,17
2025-02-25,1,25,2,0,General Medicine,46
2025-02-25,1,25,2,0,Orthopedics,20
2025-02-25,1,25,2,0,Neurology,17
2025-02-25,1,25,2,0,ENT,18
2025-02-25,1,25,2,0,Gynecology,17
2025-02-26,2,26,2,0,Cardiology,24
2025-02-26,2,26,2,0,Pediatrics,32
2025-02-26,2,26,2,0,Dermatology,19
2025-02-26,2,26,2,0,General Medicine,44
2025-02-26,2,26,2,0,Orthopedics,19
2025-02-26,2,26,2,0,Neurology,16
2025-02-26,2,26,2,0,ENT,15
2025-02-26,2,26,2,0,Gynecology,15
2025-02-27,3,27,2,0,Cardiology,24
2025-02-27,3,27,2,0,Pediatrics,30
2025-02-27,3,27,2,0,Dermatology,17
2025-02-27,3,27,2,0,General Medicine,38
2025-02-27,3,27,2,0,Orthopedics,24
2025-02-27,3,27,2,0,Neurology,14
2025-02-27,3,27,2,0,ENT,14
2025-02-27,3,27,2,0,Gynecology,16
2025-02-28,4,28,2,0,Cardiology,23
2025-02-28,4,28,2,0,Pediatrics,30
2025-02-28,4,28,2,0,Dermatology,18
2025-02-28,4,28,2,0,General Medicine,40
2025-02-28,4,28,2,0,Orthopedics,18
2025-02-28,4,28,2,0,Neurology,12
2025-02-28,4,28,2,0,ENT,14
2025-02-28,4,28,2,0,Gynecology,11
2025-03-01,5,1,3,1,Cardiology,10
2025-03-01,5,1,3,1,Pediatrics,17
2025-03-01,5,1,3,1,Dermatology,13
2025-03-01,5,1,3,1,General Medicine,17
2025-03-01,5,1,3,1,Orthopedics,12
2025-03-01,5,1,3,1,Neurology,8
2025-03-01,5,1,3,1,ENT,13
2025-03-01,5,1,3,1,Gynecology,11
2025-03-02,6,2,3,1,Cardiology,9
2025-03-02,6,2,3,1,Pediatrics,8
2025-03-02,6,2,3,1,Dermatology,4
2025-03-02,6,2,3,1,General Medicine,13
2025-03-02,6,2,3,1,Orthopedics,6
2025-03-02,6,2,3,1,Neurology,3
2025-03-02,6,2,3,1,ENT,4
2025-03-02,6,2,3,1,Gynecology,4
2025-03-03,0,3,3,0,Cardiology,33
2025-03-03,0,3,3,0,Pediatrics,34
2025-03-03,0,3,3,0,Dermatology,22
2025-03-03,0,3,3,0,General Medicine,43
2025-03-03,0,3,3,0,Orthopedics,25
2025-03-03,0,3,3,0,Neurology,16
2025-03-03,0,3,3,0,ENT,18
2025-03-03,0,3,3,0,Gynecology,21
2025-03-04,1,4,3,0,Cardiology,26
2025-03-04,1,4,3,0,Pediatrics,30
2025-03-04,1,4,3,0,Dermatology,19
2025-03-04,1,4,3,0,General Medicine,34
2025-03-04,1,4,3,0,Orthopedics,25
2025-03-04,1,4,3,0,Neurology,20
2025-03-04,1,4,3,0,ENT,11
2025-03-04,1,4,3,0,Gynecology,20
2025-03-05,2,5,3,0,Cardiology,24
2025-03-05,2,5,3,0,Pediatrics,26
2025-03-05,2,5,3,0,Dermatology,18
2025-03-05,2,5,3,0,General Medicine,32
2025-03-05,2,5,3,0,Orthopedics,21
2025-03-05,2,5,3,0,Neurology,13
2025-03-05,2,5,3,0,ENT,13
2025-03-05,2,5,3,0,Gynecology,17
2025-03-06,3,6,3,0,Cardiology,24
2025-03-06,3,6,3,0,Pediatrics,24
2025-03-06,3,6,3,0,Dermatology,17
2025-03-06,3,6,3,0,General Medicine,34
2025-03-06,3,6,3,0,Orthopedics,21
2025-03-06,3,6,3,0,Neurology,12
2025-03-06,3,6,3,0,ENT,12
2025-03-06,3,6,3,0,Gynecology,18
2025-03-07,4,7,3,0,Cardiology,19
2025-03-07,4,7,3,0,Pediatrics,26
2025-03-07,4,7,3,0,Dermatology,16
2025-03-07,4,7,3,0,General Medicine,32
2025-03-07,4,7,3,0,Orthopedics,17
2025-03-07,4,7,3,0,Neurology,10
2025-03-07,4,7,3,0,ENT,8
2025-03-07,4,7,3,0,Gynecology,15
2025-03-08,5,8,3,1,Cardiology,14
2025-03-08,5,8,3,1,Pediatrics,12
2025-03-08,5,8,3,1,Dermatology,11
2025-03-08,5,8,3,1,General Medicine,14
2025-03-08,5,8,3,1,Orthopedics,11
2025-03-08,5,8,3,1,Neurology,5
2025-03-08,5,8,3,1,ENT,5
2025-03-08,5,8,3,1,Gynecology,9
2025-03-09,6,9,3,1,Cardiology,8
2025-03-09,6,9,3,1,Pediatrics,10
2025-03-09,6,9,3,1,Dermatology,9
2025-03-09,6,9,3,1,General Medicine,12
2025-03-09,6,9,3,1,Orthopedics,10
2025-03-09,6,9,3,1,Neurology,3
2025-03-09,6,9,3,1,ENT,6
2025-03-09,6,9,3,1,Gynecology,9
2025-03-10,0,10,3,0,Cardiology,25
2025-03-10,0,10,3,0,Pediatrics,31
2025-03-10,0,10,3,0,Dermatology,24
2025-03-10,0,10,3,0,General Medicine,40
2025-03-10,0,10,3,0,Orthopedics,26
2025-03-10,0,10,3,0,Neurology,16
2025-03-10,0,10,3,0,ENT,15
2025-03-10,0,10,3,0,Gynecology,20
2025-03-11,1,11,3,0,Cardiology,30
2025-03-11,1,11,3,0,Pediatrics,30
2025-03-11,1,11,3,0,Dermatology,21
2025-03-11,1,11,3,0,General Medicine,36
2025-03-11,1,11,3,0,Orthopedics,22
2025-03-11,1,11,3,0,Neurology,15
2025-03-11,1,11,3,0,ENT,15
2025-03-11,1,11,3,0,Gynecology,18
2025-03-12,2,12,3,0,Cardiology,26
2025-03-12,2,12,3,0,Pediatrics,31
2025-03-12,2,12,3,0,Dermatology,21
2025-03-12,2,12,3,0,General Medicine,33
2025-03-12,2,12,3,0,Orthopedics,23
2025-03-12,2,12,3,0,Neurology,14
2025-03-12,2,12,3,0,ENT,9
2025-03-12,2,12,3,0,Gynecology,15
2025-03-13,3,13,3,0,Cardiology,20
2025-03-13,3,13,3,0,Pediatrics,25
2025-03-13,3,13,3,0,Dermatology,18
2025-03-13,3,13,3,0,General Medicine,35
2025-03-13,3,13,3,0,Orthopedics,21
2025-03-13,3,13,3,0,Neurology,14
2025-03-13,3,13,3,0,ENT,14
2025-03-13,3,13,3,0,Gynecology,12
2025-03-14,4,14,3,0,Cardiology,23
2025-03-14,4,14,3,0,Pediatrics,26
2025-03-14,4,14,3,0,Dermatology,14
2025-03-14,4,14,3,0,General Medicine,33
2025-03-14,4,14,3,0,Orthopedics,20
2025-03-14,4,14,3,0,Neurology,12
2025-03-14,4,14,3,0,ENT,13
2025-03-14,4,14,3,0,Gynecology,20
2025-03-15,5,15,3,1,Cardiology,14
2025-03-15,5,15,3,1,Pediatrics,15
2025-03-15,5,15,3,1,Dermatology,9
2025-03-15,5,15,3,1,General Medicine,16
2025-03-15,5,15,3,1,Orthopedics,13
2025-03-15,5,15,3,1,Neurology,6
2025-03-15,5,15,3,1,ENT,7
2025-03-15,5,15,3,1,Gynecology,8
2025-03-16,6,16,3,1,Cardiology,11
2025-03-16,6,16,3,1,Pediatrics,11
2025-03-16,6,16,3,1,Dermatology,9
2025-03-16,6,16,3,1,General Medicine,12
2025-03-16,6,16,3,1,Orthopedics,7
2025-03-16,6,16,3,1,Neurology,4
2025-03-16,6,16,3,1,ENT,4
2025-03-16,6,16,3,1,Gynecology,7
2025-03-17,0,17,3,0,Cardiology,32
2025-03-17,0,17,3,0,Pediatrics,31
2025-03-17,0,17,3,0,Dermatology,24
2025-03-17,0,17,3,0,General Medicine,43
2025-03-17,0,17,3,0,Orthopedics,26
2025-03-17,0,17,3,0,Neurology,21
2025-03-17,0,17,3,0,ENT,13
2025-03-17,0,17,3,0,Gynecology,18
2025-03-18,1,18,3,0,Cardiology,24
2025-03-18,1,18,3,0,Pediatrics,33
2025-03-18,1,18,3,0,Dermatology,22
2025-03-18,1,18,3,0,General Medicine,37
2025-03-18,1,18,3,0,Orthopedics,24
2025-03-18,1,18,3,0,Neurology,14
2025-03-18,1,18,3,0,ENT,19
2025-03-18,1,18,3,0,Gynecology,19
2025-03-19,2,19,3,0,Cardiology,25
2025-03-19,2,19,3,0,Pediatrics,29
2025-03-19,2,19,3,0,Dermatology,20
2025-03-19,2,19,3,0,General Medicine,34
2025-03-19,2,19,3,0,Orthopedics,19
2025-03-19,2,19,3,0,Neurology,16
2025-03-19,2,19,3,0,ENT,16
2025-03-19,2,19,3,0,Gynecology,19
2025-03-20,3,20,3,0,Cardiology,27
2025-03-20,3,20,3,0,Pediatrics,25
2025-03-20,3,20,3,0,Dermatology,16
2025-03-20,3,20,3,0,General Medicine,32
2025-03-20,3,20,3,0,Orthopedics,20
2025-03-20,3,20,3,0,Neurology,16
2025-03-20,3,20,3,0,ENT,9
2025-03-20,3,20,3,0,Gynecology,19
2025-03-21,4,21,3,0,Cardiology,22
2025-03-21,4,21,3,0,Pediatrics,24
2025-03-21,4,21,3,0,Dermatology,15
2025-03-21,4,21,3,0,General Medicine,27
2025-03-21,4,21,3,0,Orthopedics,21
2025-03-21,4,21,3,0,Neurology,13
2025-03-21,4,21,3,0,ENT,9
2025-03-21,4,21,3,0,Gynecology,13
2025-03-22,5,22,3,1,Cardiology,13
2025-03-22,5,22,3,1,Pediatrics,18
2025-03-22,5,22,3,1,Dermatology,9
2025-03-22,5,22,3,1,General Medicine,15
2025-03-22,5,22,3,1,Orthopedics,11
2025-03-22,5,22,3,1,Neurology,7
2025-03-22,5,22,3,1,ENT,2
2025-03-22,5,22,3,1,Gynecology,9
2025-03-23,6,23,3,1,Cardiology,9
2025-03-23,6,23,3,1,Pediatrics,12
2025-03-23,6,23,3,1,Dermatology,11
2025-03-23,6,23,3,1,General Medicine,15
2025-03-23,6,23,3,1,Orthopedics,7
2025-03-23,6,23,3,1,Neurology,3
2025-03-23,6,23,3,1,ENT,10
2025-03-23,6,23,3,1,Gynecology,7
2025-03-24,0,24,3,0,Cardiology,30
2025-03-24,0,24,3,0,Pediatrics,32
2025-03-24,0,24,3,0,Dermatology,23
2025-03-24,0,24,3,0,General Medicine,40
2025-03-24,0,24,3,0,Orthopedics,24
2025-03-24,0,24,3,0,Neurology,16
2025-03-24,0,24,3,0,ENT,15
2025-03-24,0,24,3,0,Gynecology,19
2025-03-25,1,25,3,0,Cardiology,26
2025-03-25,1,25,3,0,Pediatrics,30
2025-03-25,1,25,3,0,Dermatology,20
2025-03-25,1,25,3,0,General Medicine,40
2025-03-25,1,25,3,0,Orthopedics,18
2025-03-25,1,25,3,0,Neurology,18
2025-03-25,1,25,3,0,ENT,16
2025-03-25,1,25,3,0,Gynecology,14
2025-03-26,2,26,3,0,Cardiology,25
2025-03-26,2,26,3,0,Pediatrics,27
2025-03-26,2,26,3,0,Dermatology,16
2025-03-26,2,26,3,0,General Medicine,32
2025-03-26,2,26,3,0,Orthopedics,19
2025-03-26,2,26,3,0,Neurology,18
2025-03-26,2,26,3,0,ENT,14
2025-03-26,2,26,3,0,Gynecology,19
2025-03-27,3,27,3,0,Cardiology,25
2025-03-27,3,27,3,0,Pediatrics,24
2025-03-27,3,27,3,0,Dermatology,17
2025-03-27,3,27,3,0,General Medicine,33
2025-03-27,3,27,3,0,Orthopedics,18
2025-03-27,3,27,3,0,Neurology,15
2025-03-27,3,27,3,0,ENT,12
2025-03-27,3,27,3,0,Gynecology,15
2025-03-28,4,28,3,0,Cardiology,24
2025-03-28,4,28,3,0,Pediatrics,26
2025-03-28,4,28,3,0,Dermatology,16
2025-03-28,4,28,3,0,General Medicine,33
2025-03-28,4,28,3,0,Orthopedics,17
2025-03-28,4,28,3,0,Neurology,15
2025-03-28,4,28,3,0,ENT,13
2025-03-28,4,28,3,0,Gynecology,15
2025-03-29,5,29,3,1,Cardiology,14
2025-03-29,5,29,3,1,Pediatrics,12
2025-03-29,5,29,3,1,Dermatology,12
2025-03-29,5,29,3,1,General Medicine,17
2025-03-29,5,29,3,1,Orthopedics,10
2025-03-29,5,29,3,1,Neurology,10
2025-03-29,5,29,3,1,ENT,5
2025-03-29,5,29,3,1,Gynecology,6
2025-03-30,6,30,3,1,Cardiology,6
2025-03-30,6,30,3,1,Pediatrics,12
2025-03-30,6,30,3,1,Dermatology,5
2025-03-30,6,30,3,1,General Medicine,16
2025-03-30,6,30,3,1,Orthopedics,4
2025-03-30,6,30,3,1,Neurology,9
2025-03-30,6,30,3,1,ENT,5
2025-03-30,6,30,3,1,Gynecology,6
2025-03-31,0,31,3,0,Cardiology,29
2025-03-31,0,31,3,0,Pediatrics,33
2025-03-31,0,31,3,0,Dermatology,22
2025-03-31,0,31,3,0,General Medicine,42
2025-03-31,0,31,3,0,Orthopedics,25
2025-03-31,0,31,3,0,Neurology,18
2025-03-31,0,31,3,0,ENT,14
2025-03-31,0,31,3,0,Gynecology,20
2025-04-01,1,1,4,0,Cardiology,28
2025-04-01,1,1,4,0,Pediatrics,26
2025-04-01,1,1,4,0,Dermatology,18
2025-04-01,1,1,4,0,General Medicine,38
2025-04-01,1,1,4,0,Orthopedics,23
2025-04-01,1,1,4,0,Neurology,16
2025-04-01,1,1,4,0,ENT,14
2025-04-01,1,1,4,0,Gynecology,19
2025-04-02,2,2,4,0,Cardiology,24
2025-04-02,2,2,4,0,Pediatrics,26
2025-04-02,2,2,4,0,Dermatology,19
2025-04-02,2,2,4,0,General Medicine,32
2025-04-02,2,2,4,0,Orthopedics,22
2025-04-02,2,2,4,0,Neurology,11
2025-04-02,2,2,4,0,ENT,15
2025-04-02,2,2,4,0,Gynecology,18
2025-04-03,3,3,4,0,Cardiology,25
2025-04-03,3,3,4,0,Pediatrics,28
2025-04-03,3,3,4,0,Dermatology,21
2025-04-03,3,3,4,0,General Medicine,34
2025-04-03,3,3,4,0,Orthopedics,16
2025-04-03,3,3,4,0,Neurology,11
2025-04-03,3,3,4,0,ENT,11
2025-04-03,3,3,4,0,Gynecology,16
2025-04-04,4,4,4,0,Cardiology,24
2025-04-04,4,4,4,0,Pediatrics,23
2025-04-04,4,4,4,0,Dermatology,17
2025-04-04,4,4,4,0,General Medicine,29
2025-04-04,4,4,4,0,Orthopedics,18
2025-04-04,4,4,4,0,Neurology,10
2025-04-04,4,4,4,0,ENT,10
2025-04-04,4,4,4,0,Gynecology,12
2025-04-05,5,5,4,1,Cardiology,11
2025-04-05,5,5,4,1,Pediatrics,16
2025-04-05,5,5,4,1,Dermatology,8
2025-04-05,5,5,4,1,General Medicine,23
2025-04-05,5,5,4,1,Orthopedics,12
2025-04-05,5,5,4,1,Neurology,8
2025-04-05,5,5,4,1,ENT,5
2025-04-05,5,5,4,1,Gynecology,10
2025-04-06,6,6,4,1,Cardiology,8
2025-04-06,6,6,4,1,Pediatrics,11
2025-04-06,6,6,4,1,Dermatology,12
2025-04-06,6,6,4,1,General Medicine,13
2025-04-06,6,6,4,1,Orthopedics,10
2025-04-06,6,6,4,1,Neurology,4
2025-04-06,6,6,4,1,ENT,5
2025-04-06,6,6,4,1,Gynecology,10
2025-04-07,0,7,4,0,Cardiology,29
2025-04-07,0,7,4,0,Pediatrics,36
2025-04-07,0,7,4,0,Dermatology,24
2025-04-07,0,7,4,0,General Medicine,39
2025-04-07,0,7,4,0,Orthopedics,26
2025-04-07,0,7,4,0,Neurology,19
2025-04-07,0,7,4,0,ENT,16
2025-04-07,0,7,4,0,Gynecology,17
2025-04-08,1,8,4,0,Cardiology,26
2025-04-08,1,8,4,0,Pediatrics,29
2025-04-08,1,8,4,0,Dermatology,21
2025-04-08,1,8,4,0,General Medicine,38
2025-04-08,1,8,4,0,Orthopedics,23
2025-04-08,1,8,4,0,Neurology,13
2025-04-08,1,8,4,0,ENT,15
2025-04-08,1,8,4,0,Gynecology,20
2025-04-09,2,9,4,0,Cardiology,26
2025-04-09,2,9,4,0,Pediatrics,29
2025-04-09,2,9,4,0,Dermatology,21
2025-04-09,2,9,4,0,General Medicine,35
2025-04-09,2,9,4,0,Orthopedics,21
2025-04-09,2,9,4,0,Neurology,11
2025-04-09,2,9,4,0,ENT,13
2025-04-09,2,9,4,0,Gynecology,17
2025-04-10,3,10,4,0,Cardiology,25
2025-04-10,3,10,4,0,Pediatrics,23
2025-04-10,3,10,4,0,Dermatology,16
2025-04-10,3,10,4,0,General Medicine,34
2025-04-10,3,10,4,0,Orthopedics,20
2025-04-10,3,10,4,0,Neurology,15
2025-04-10,3,10,4,0,ENT,12
2025-04-10,3,10,4,0,Gynecology,16
2025-04-11,4,11,4,0,Cardiology,25
2025-04-11,4,11,4,0,Pediatrics,24
2025-04-11,4,11,4,0,Dermatology,17
2025-04-11,4,11,4,0,General Medicine,29
2025-04-11,4,11,4,0,Orthopedics,18
2025-04-11,4,11,4,0,Neurology,13
2025-04-11,4,11,4,0,ENT,12
2025-04-11,4,11,4,0,Gynecology,14
2025-04-12,5,12,4,1,Cardiology,16
2025-04-12,5,12,4,1,Pediatrics,13
2025-04-12,5,12,4,1,Dermatology,10
2025-04-12,5,12,4,1,General Medicine,17
2025-04-12,5,12,4,1,Orthopedics,14
2025-04-12,5,12,4,1,Neurology,8
2025-04-12,5,12,4,1,ENT,9
2025-04-12,5,12,4,1,Gynecology,6
2025-04-13,6,13,4,1,Cardiology,10
2025-04-13,6,13,4,1,Pediatrics,12
2025-04-13,6,13,4,1,Dermatology,7
2025-04-13,6,13,4,1,General Medicine,15
2025-04-13,6,13,4,1,Orthopedics,7
2025-04-13,6,13,4,1,Neurology,8
2025-04-13,6,13,4,1,ENT,9
2025-04-13,6,13,4,1,Gynecology,6
2025-04-14,0,14,4,0,Cardiology,29
2025-04-14,0,14,4,0,Pediatrics,35
2025-04-14,0,14,4,0,Dermatology,26
2025-04-14,0,14,4,0,General Medicine,39
2025-04-14,0,14,4,0,Orthopedics,24
2025-04-14,0,14,4,0,Neurology,17
2025-04-14,0,14,4,0,ENT,12
2025-04-14,0,14,4,0,Gynecology,18
2025-04-15,1,15,4,0,Cardiology,26
2025-04-15,1,15,4,0,Pediatrics,28
2025-04-15,1,15,4,0,Dermatology,21
2025-04-15,1,15,4,0,General Medicine,37
2025-04-15,1,15,4,0,Orthopedics,26
2025-04-15,1,15,4,0,Neurology,14
2025-04-15,1,15,4,0,ENT,16
2025-04-15,1,15,4,0,Gynecology,18
2025-04-16,2,16,4,0,Cardiology,25
2025-04-16,2,16,4,0,Pediatrics,29
2025-04-16,2,16,4,0,Dermatology,17
2025-04-16,2,16,4,0,General Medicine,34
2025-04-16,2,16,4,0,Orthopedics,21
2025-04-16,2,16,4,0,Neurology,16
2025-04-16,2,16,4,0,ENT,13
2025-04-16,2,16,4,0,Gynecology,22
2025-04-17,3,17,4,0,Cardiology,23
2025-04-17,3,17,4,0,Pediatrics,25
2025-04-17,3,17,4,0,Dermatology,17
2025-04-17,3,17,4,0,General Medicine,31
2025-04-17,3,17,4,0,Orthopedics,19
2025-04-17,3,17,4,0,Neurology,16
2025-04-17,3,17,4,0,ENT,15
2025-04-17,3,17,4,0,Gynecology,15
2025-04-18,4,18,4,0,Cardiology,21
2025-04-18,4,18,4,0,Pediatrics,26
2025-04-18,4,18,4,0,Dermatology,16
2025-04-18,4,18,4,0,General Medicine,32
2025-04-18,4,18,4,0,Orthopedics,19
2025-04-18,4,18,4,0,Neurology,10
2025-04-18,4,18,4,0,ENT,14
2025-04-18,4,18,4,0,Gynecology,19
2025-04-19,5,19,4,1,Cardiology,12
2025-04-19,5,19,4,1,Pediatrics,14
2025-04-19,5,19,4,1,Dermatology,10
2025-04-19,5,19,4,1,General Medicine,18
2025-04-19,5,19,4,1,Orthopedics,12
2025-04-19,5,19,4,1,Neurology,12
2025-04-19,5,19,4,1,ENT,6
2025-04-19,5,19,4,1,Gynecology,7
2025-04-20,6,20,4,1,Cardiology,7
2025-04-20,6,20,4,1,Pediatrics,9
2025-04-20,6,20,4,1,Dermatology,7
2025-04-20,6,20,4,1,General Medicine,16
2025-04-20,6,20,4,1,Orthopedics,7
2025-04-20,6,20,4,1,Neurology,6
2025-04-20,6,20,4,1,ENT,5
2025-04-20,6,20,4,1,Gynecology,9
2025-04-21,0,21,4,0,Cardiology,35
2025-04-21,0,21,4,0,Pediatrics,31
2025-04-21,0,21,4,0,Dermatology,22
2025-04-21,0,21,4,0,General Medicine,42
2025-04-21,0,21,4,0,Orthopedics,26
2025-04-21,0,21,4,0,Neurology,21
2025-04-21,0,21,4,0,ENT,16
2025-04-21,0,21,4,0,Gynecology,19
2025-04-22,1,22,4,0,Cardiology,29
2025-04-22,1,22,4,0,Pediatrics,32
2025-04-22,1,22,4,0,Dermatology,22
2025-04-22,1,22,4,0,General Medicine,38
2025-04-22,1,22,4,0,Orthopedics,25
2025-04-22,1,22,4,0,Neurology,18
2025-04-22,1,22,4,0,ENT,17
2025-04-22,1,22,4,0,Gynecology,20
2025-04-23,2,23,4,0,Cardiology,25
2025-04-23,2,23,4,0,Pediatrics,28
2025-04-23,2,23,4,0,Dermatology,21
2025-04-23,2,23,4,0,General Medicine,32
2025-04-23,2,23,4,0,Orthopedics,22
2025-04-23,2,23,4,0,Neurology,14
2025-04-23,2,23,4,0,ENT,13
2025-04-23,2,23,4,0,Gynecology,19
2025-04-24,3,24,4,0,Cardiology,24
2025-04-24,3,24,4,0,Pediatrics,26
2025-04-24,3,24,4,0,Dermatology,15
2025-04-24,3,24,4,0,General Medicine,33
2025-04-24,3,24,4,0,Orthopedics,21
2025-04-24,3,24,4,0,Neurology,18
2025-04-24,3,24,4,0,ENT,11
2025-04-24,3,24,4,0,Gynecology,16
2025-04-25,4,25,4,0,Cardiology,23
2025-04-25,4,25,4,0,Pediatrics,28
2025-04-25,4,25,4,0,Dermatology,17
2025-04-25,4,25,4,0,General Medicine,31
2025-04-25,4,25,4,0,Orthopedics,20
2025-04-25,4,25,4,0,Neurology,14
2025-04-25,4,25,4,0,ENT,11
2025-04-25,4,25,4,0,Gynecology,16
2025-04-26,5,26,4,1,Cardiology,15
2025-04-26,5,26,4,1,Pediatrics,12
2025-04-26,5,26,4,1,Dermatology,10
2025-04-26,5,26,4,1,General Medicine,16
2025-04-26,5,26,4,1,Orthopedics,13
2025-04-26,5,26,4,1,Neurology,5
2025-04-26,5,26,4,1,ENT,5
2025-04-26,5,26,4,1,Gynecology,10
2025-04-27,6,27,4,1,Cardiology,13
2025-04-27,6,27,4,1,Pediatrics,10
2025-04-27,6,27,4,1,Dermatology,6
2025-04-27,6,27,4,1,General Medicine,17
2025-04-27,6,27,4,1,Orthopedics,5
2025-04-27,6,27,4,1,Neurology,2
2025-04-27,6,27,4,1,ENT,6
2025-04-27,6,27,4,1,Gynecology,5
2025-04-28,0,28,4,0,Cardiology,28
2025-04-28,0,28,4,0,Pediatrics,34
2025-04-28,0,28,4,0,Dermatology,23
2025-04-28,0,28,4,0,General Medicine,39
2025-04-28,0,28,4,0,Orthopedics,22
2025-04-28,0,28,4,0,Neurology,19
2025-04-28,0,28,4,0,ENT,16
2025-04-28,0,28,4,0,Gynecology,20
2025-04-29,1,29,4,0,Cardiology,31
2025-04-29,1,29,4,0,Pediatrics,28
2025-04-29,1,29,4,0,Dermatology,18
2025-04-29,1,29,4,0,General Medicine,35
2025-04-29,1,29,4,0,Orthopedics,23
2025-04-29,1,29,4,0,Neurology,17
2025-04-29,1,29,4,0,ENT,13
2025-04-29,1,29,4,0,Gynecology,19
2025-04-30,2,30,4,0,Cardiology,23
2025-04-30,2,30,4,0,Pediatrics,30
2025-04-30,2,30,4,0,Dermatology,19
2025-04-30,2,30,4,0,General Medicine,36
2025-04-30,2,30,4,0,Orthopedics,22
2025-04-30,2,30,4,0,Neurology,16
2025-04-30,2,30,4,0,ENT,14
2025-04-30,2,30,4,0,Gynecology,18
2025-05-01,3,1,5,0,Cardiology,25
2025-05-01,3,1,5,0,Pediatrics,29
2025-05-01,3,1,5,0,Dermatology,22
2025-05-01,3,1,5,0,General Medicine,33
2025-05-01,3,1,5,0,Orthopedics,20
2025-05-01,3,1,5,0,Neurology,17
2025-05-01,3,1,5,0,ENT,11
2025-05-01,3,1,5,0,Gynecology,20
2025-05-02,4,2,5,0,Cardiology,23
2025-05-02,4,2,5,0,Pediatrics,22
2025-05-02,4,2,5,0,Dermatology,21
2025-05-02,4,2,5,0,General Medicine,29
2025-05-02,4,2,5,0,Orthopedics,21
2025-05-02,4,2,5,0,Neurology,12
2025-05-02,4,2,5,0,ENT,11
2025-05-02,4,2,5,0,Gynecology,11
2025-05-03,5,3,5,1,Cardiology,12
2025-05-03,5,3,5,1,Pediatrics,9
2025-05-03,5,3,5,1,Dermatology,9
2025-05-03,5,3,5,1,General Medicine,19
2025-05-03,5,3,5,1,Orthopedics,13
2025-05-03,5,3,5,1,Neurology,9
2025-05-03,5,3,5,1,ENT,5
2025-05-03,5,3,5,1,Gynecology,9
2025-05-04,6,4,5,1,Cardiology,10
2025-05-04,6,4,5,1,Pediatrics,8
2025-05-04,6,4,5,1,Dermatology,12
2025-05-04,6,4,5,1,General Medicine,15
2025-05-04,6,4,5,1,Orthopedics,8
2025-05-04,6,4,5,1,Neurology,6
2025-05-04,6,4,5,1,ENT,5
2025-05-04,6,4,5,1,Gynecology,2
2025-05-05,0,5,5,0,Cardiology,30
2025-05-05,0,5,5,0,Pediatrics,31
2025-05-05,0,5,5,0,Dermatology,25
2025-05-05,0,5,5,0,General Medicine,39
2025-05-05,0,5,5,0,Orthopedics,29
2025-05-05,0,5,5,0,Neurology,19
2025-05-05,0,5,5,0,ENT,14
2025-05-05,0,5,5,0,Gynecology,21
2025-05-06,1,6,5,0,Cardiology,30
2025-05-06,1,6,5,0,Pediatrics,32
2025-05-06,1,6,5,0,Dermatology,25
2025-05-06,1,6,5,0,General Medicine,36
2025-05-06,1,6,5,0,Orthopedics,24
2025-05-06,1,6,5,0,Neurology,17
2025-05-06,1,6,5,0,ENT,16
2025-05-06,1,6,5,0,Gynecology,20
2025-05-07,2,7,5,0,Cardiology,27
2025-05-07,2,7,5,0,Pediatrics,26
2025-05-07,2,7,5,0,Dermatology,25
2025-05-07,2,7,5,0,General Medicine,34
2025-05-07,2,7,5,0,Orthopedics,25
2025-05-07,2,7,5,0,Neurology,13
2025-05-07,2,7,5,0,ENT,16
2025-05-07,2,7,5,0,Gynecology,17
2025-05-08,3,8,5,0,Cardiology,23
2025-05-08,3,8,5,0,Pediatrics,25
2025-05-08,3,8,5,0,Dermatology,21
2025-05-08,3,8,5,0,General Medicine,33
2025-05-08,3,8,5,0,Orthopedics,21
2025-05-08,3,8,5,0,Neurology,13
2025-05-08,3,8,5,0,ENT,12
2025-05-08,3,8,5,0,Gynecology,20
2025-05-09,4,9,5,0,Cardiology,26
2025-05-09,4,9,5,0,Pediatrics,26
2025-05-09,4,9,5,0,Dermatology,21
2025-05-09,4,9,5,0,General Medicine,31
2025-05-09,4,9,5,0,Orthopedics,20
2025-05-09,4,9,5,0,Neurology,11
2025-05-09,4,9,5,0,ENT,11
2025-05-09,4,9,5,0,Gynecology,12
2025-05-10,5,10,5,1,Cardiology,14
2025-05-10,5,10,5,1,Pediatrics,16
2025-05-10,5,10,5,1,Dermatology,11
2025-05-10,5,10,5,1,General Medicine,21
2025-05-10,5,10,5,1,Orthopedics,9
2025-05-10,5,10,5,1,Neurology,5
2025-05-10,5,10,5,1,ENT,7
2025-05-10,5,10,5,1,Gynecology,11
2025-05-11,6,11,5,1,Cardiology,13
2025-05-11,6,11,5,1,Pediatrics,9
2025-05-11,6,11,5,1,Dermatology,11
2025-05-11,6,11,5,1,General Medicine,13
2025-05-11,6,11,5,1,Orthopedics,8
2025-05-11,6,11,5,1,Neurology,7
2025-05-11,6,11,5,1,ENT,6
2025-05-11,6,11,5,1,Gynecology,3
2025-05-12,0,12,5,0,Cardiology,33
2025-05-12,0,12,5,0,Pediatrics,35
2025-05-12,0,12,5,0,Dermatology,26
2025-05-12,0,12,5,0,General Medicine,41
2025-05-12,0,12,5,0,Orthopedics,26
2025-05-12,0,12,5,0,Neurology,18
2025-05-12,0,12,5,0,ENT,14
2025-05-12,0,12,5,0,Gynecology,19
2025-05-13,1,13,5,0,Cardiology,28
2025-05-13,1,13,5,0,Pediatrics,32
2025-05-13,1,13,5,0,Dermatology,26
2025-05-13,1,13,5,0,General Medicine,36
2025-05-13,1,13,5,0,Orthopedics,25
2025-05-13,1,13,5,0,Neurology,10
2025-05-13,1,13,5,0,ENT,16
2025-05-13,1,13,5,0,Gynecology,15
2025-05-14,2,14,5,0,Cardiology,24
2025-05-14,2,14,5,0,Pediatrics,25
2025-05-14,2,14,5,0,Dermatology,20
2025-05-14,2,14,5,0,General Medicine,36
2025-05-14,2,14,5,0,Orthopedics,20
2025-05-14,2,14,5,0,Neurology,15
2025-05-14,2,14,5,0,ENT,13
2025-05-14,2,14,5,0,Gynecology,18
2025-05-15,3,15,5,0,Cardiology,24
2025-05-15,3,15,5,0,Pediatrics,23
2025-05-15,3,15,5,0,Dermatology,24
2025-05-15,3,15,5,0,General Medicine,31
2025-05-15,3,15,5,0,Orthopedics,17
2025-05-15,3,15,5,0,Neurology,13
2025-05-15,3,15,5,0,ENT,15
2025-05-15,3,15,5,0,Gynecology,18
2025-05-16,4,16,5,0,Cardiology,22
2025-05-16,4,16,5,0,Pediatrics,24
2025-05-16,4,16,5,0,Dermatology,20
2025-05-16,4,16,5,0,General Medicine,35
2025-05-16,4,16,5,0,Orthopedics,20
2025-05-16,4,16,5,0,Neurology,14
2025-05-16,4,16,5,0,ENT,13
2025-05-16,4,16,5,0,Gynecology,16
2025-05-17,5,17,5,1,Cardiology,13
2025-05-17,5,17,5,1,Pediatrics,14
2025-05-17,5,17,5,1,Dermatology,12
2025-05-17,5,17,5,1,General Medicine,18
2025-05-17,5,17,5,1,Orthopedics,12
2025-05-17,5,17,5,1,Neurology,8
2025-05-17,5,17,5,1,ENT,8
2025-05-17,5,17,5,1,Gynecology,9
2025-05-18,6,18,5,1,Cardiology,10
2025-05-18,6,18,5,1,Pediatrics,6
2025-05-18,6,18,5,1,Dermatology,10
2025-05-18,6,18,5,1,General Medicine,13
2025-05-18,6,18,5,1,Orthopedics,10
2025-05-18,6,18,5,1,Neurology,2
2025-05-18,6,18,5,1,ENT,9
2025-05-18,6,18,5,1,Gynecology,6
2025-05-19,0,19,5,0,Cardiology,32
2025-05-19,0,19,5,0,Pediatrics,30
2025-05-19,0,19,5,0,Dermatology,28
2025-05-19,0,19,5,0,General Medicine,38
2025-05-19,0,19,5,0,Orthopedics,24
2025-05-19,0,19,5,0,Neurology,21
2025-05-19,0,19,5,0,ENT,15
2025-05-19,0,19,5,0,Gynecology,20
2025-05-20,1,20,5,0,Cardiology,29
2025-05-20,1,20,5,0,Pediatrics,31
2025-05-20,1,20,5,0,Dermatology,25
2025-05-20,1,20,5,0,General Medicine,38
2025-05-20,1,20,5,0,Orthopedics,28
2025-05-20,1,20,5,0,Neurology,16
2025-05-20,1,20,5,0,ENT,14
2025-05-20,1,20,5,0,Gynecology,21
2025-05-21,2,21,5,0,Cardiology,27
2025-05-21,2,21,5,0,Pediatrics,30
2025-05-21,2,21,5,0,Dermatology,24
2025-05-21,2,21,5,0,General Medicine,31
2025-05-21,2,21,5,0,Orthopedics,24
2025-05-21,2,21,5,0,Neurology,12
2025-05-21,2,21,5,0,ENT,13
2025-05-21,2,21,5,0,Gynecology,15
2025-05-22,3,22,5,0,Cardiology,24
2025-05-22,3,22,5,0,Pediatrics,27
2025-05-22,3,22,5,0,Dermatology,22
2025-05-22,3,22,5,0,General Medicine,33
2025-05-22,3,22,5,0,Orthopedics,23
2025-05-22,3,22,5,0,Neurology,15
2025-05-22,3,22,5,0,ENT,12
2025-05-22,3,22,5,0,Gynecology,18
2025-05-23,4,23,5,0,Cardiology,25
2025-05-23,4,23,5,0,Pediatrics,22
2025-05-23,4,23,5,0,Dermatology,22
2025-05-23,4,23,5,0,General Medicine,32
2025-05-23,4,23,5,0,Orthopedics,18
2025-05-23,4,23,5,0,Neurology,16
2025-05-23,4,23,5,0,ENT,11
2025-05-23,4,23,5,0,Gynecology,15
2025-05-24,5,24,5,1,Cardiology,13
2025-05-24,5,24,5,1,Pediatrics,14
2025-05-24,5,24,5,1,Dermatology,10
2025-05-24,5,24,5,1,General Medicine,15
2025-05-24,5,24,5,1,Orthopedics,14
2025-05-24,5,24,5,1,Neurology,6
2025-05-24,5,24,5,1,ENT,5
2025-05-24,5,24,5,1,Gynecology,4
2025-05-25,6,25,5,1,Cardiology,8
2025-05-25,6,25,5,1,Pediatrics,8
2025-05-25,6,25,5,1,Dermatology,12
2025-05-25,6,25,5,1,General Medicine,15
2025-05-25,6,25,5,1,Orthopedics,7
2025-05-25,6,25,5,1,Neurology,10
2025-05-25,6,25,5,1,ENT,7
2025-05-25,6,25,5,1,Gynecology,6
2025-05-26,0,26,5,0,Cardiology,25
2025-05-26,0,26,5,0,Pediatrics,37
2025-05-26,0,26,5,0,Dermatology,24
2025-05-26,0,26,5,0,General Medicine,37
2025-05-26,0,26,5,0,Orthopedics,27
2025-05-26,0,26,5,0,Neurology,22
2025-05-26,0,26,5,0,ENT,18
2025-05-26,0,26,5,0,Gynecology,21
2025-05-27,1,27,5,0,Cardiology,29
2025-05-27,1,27,5,0,Pediatrics,32
2025-05-27,1,27,5,0,Dermatology,26
2025-05-27,1,27,5,0,General Medicine,37
2025-05-27,1,27,5,0,Orthopedics,23
2025-05-27,1,27,5,0,Neurology,16
2025-05-27,1,27,5,0,ENT,12
2025-05-27,1,27,5,0,Gynecology,18
2025-05-28,2,28,5,0,Cardiology,22
2025-05-28,2,28,5,0,Pediatrics,27
2025-05-28,2,28,5,0,Dermatology,21
2025-05-28,2,28,5,0,General Medicine,31
2025-05-28,2,28,5,0,Orthopedics,21
2025-05-28,2,28,5,0,Neurology,17
2025-05-28,2,28,5,0,ENT,14
2025-05-28,2,28,5,0,Gynecology,14
2025-05-29,3,29,5,0,Cardiology,22
2025-05-29,3,29,5,0,Pediatrics,28
2025-05-29,3,29,5,0,Dermatology,20
2025-05-29,3,29,5,0,General Medicine,32
2025-05-29,3,29,5,0,Orthopedics,21
2025-05-29,3,29,5,0,Neurology,12
2025-05-29,3,29,5,0,ENT,12
2025-05-29,3,29,5,0,Gynecology,13
2025-05-30,4,30,5,0,Cardiology,22
2025-05-30,4,30,5,0,Pediatrics,25
2025-05-30,4,30,5,0,Dermatology,17
2025-05-30,4,30,5,0,General Medicine,31
2025-05-30,4,30,5,0,Orthopedics,19
2025-05-30,4,30,5,0,Neurology,14
2025-05-30,4,30,5,0,ENT,12
2025-05-30,4,30,5,0,Gynecology,18
2025-05-31,5,31,5,1,Cardiology,13
2025-05-31,5,31,5,1,Pediatrics,13
2025-05-31,5,31,5,1,Dermatology,12
2025-05-31,5,31,5,1,General Medicine,19
2025-05-31,5,31,5,1,Orthopedics,11
2025-05-31,5,31,5,1,Neurology,8
2025-05-31,5,31,5,1,ENT,5
2025-05-31,5,31,5,1,Gynecology,7
2025-06-01,6,1,6,1,Cardiology,7
2025-06-01,6,1,6,1,Pediatrics,14
2025-06-01,6,1,6,1,Dermatology,6
2025-06-01,6,1,6,1,General Medicine,11
2025-06-01,6,1,6,1,Orthopedics,7
2025-06-01,6,1,6,1,Neurology,7
2025-06-01,6,1,6,1,ENT,4
2025-06-01,6,1,6,1,Gynecology,9
2025-06-02,0,2,6,0,Cardiology,29
2025-06-02,0,2,6,0,Pediatrics,33
2025-06-02,0,2,6,0,Dermatology,25
2025-06-02,0,2,6,0,General Medicine,44
2025-06-02,0,2,6,0,Orthopedics,23
2025-06-02,0,2,6,0,Neurology,18
2025-06-02,0,2,6,0,ENT,16
2025-06-02,0,2,6,0,Gynecology,21
2025-06-03,1,3,6,0,Cardiology,27
2025-06-03,1,3,6,0,Pediatrics,30
2025-06-03,1,3,6,0,Dermatology,25
2025-06-03,1,3,6,0,General Medicine,37
2025-06-03,1,3,6,0,Orthopedics,25
2025-06-03,1,3,6,0,Neurology,21
2025-06-03,1,3,6,0,ENT,13
2025-06-03,1,3,6,0,Gynecology,16
2025-06-04,2,4,6,0,Cardiology,25
2025-06-04,2,4,6,0,Pediatrics,32
2025-06-04,2,4,6,0,Dermatology,21
2025-06-04,2,4,6,0,General Medicine,37
2025-06-04,2,4,6,0,Orthopedics,24
2025-06-04,2,4,6,0,Neurology,14
2025-06-04,2,4,6,0,ENT,14
2025-06-04,2,4,6,0,Gynecology,20
2025-06-05,3,5,6,0,Cardiology,23
2025-06-05,3,5,6,0,Pediatrics,26
2025-06-05,3,5,6,0,Dermatology,20
2025-06-05,3,5,6,0,General Medicine,30
2025-06-05,3,5,6,0,Orthopedics,19
2025-06-05,3,5,6,0,Neurology,12
2025-06-05,3,5,6,0,ENT,12
2025-06-05,3,5,6,0,Gynecology,14
2025-06-06,4,6,6,0,Cardiology,23
2025-06-06,4,6,6,0,Pediatrics,22
2025-06-06,4,6,6,0,Dermatology,21
2025-06-06,4,6,6,0,General Medicine,32
2025-06-06,4,6,6,0,Orthopedics,15
2025-06-06,4,6,6,0,Neurology,14
2025-06-06,4,6,6,0,ENT,14
2025-06-06,4,6,6,0,Gynecology,13
2025-06-07,5,7,6,1,Cardiology,17
2025-06-07,5,7,6,1,Pediatrics,15
2025-06-07,5,7,6,1,Dermatology,10
2025-06-07,5,7,6,1,General Medicine,17
2025-06-07,5,7,6,1,Orthopedics,12
2025-06-07,5,7,6,1,Neurology,8
2025-06-07,5,7,6,1,ENT,8
2025-06-07,5,7,6,1,Gynecology,7
2025-06-08,6,8,6,1,Cardiology,10
2025-06-08,6,8,6,1,Pediatrics,8
2025-06-08,6,8,6,1,Dermatology,8
2025-06-08,6,8,6,1,General Medicine,11
2025-06-08,6,8,6,1,Orthopedics,7
2025-06-08,6,8,6,1,Neurology,8
2025-06-08,6,8,6,1,ENT,7
2025-06-08,6,8,6,1,Gynecology,8
2025-06-09,0,9,6,0,Cardiology,28
2025-06-09,0,9,6,0,Pediatrics,32
2025-06-09,0,9,6,0,Dermatology,29
2025-06-09,0,9,6,0,General Medicine,40
2025-06-09,0,9,6,0,Orthopedics,30
2025-06-09,0,9,6,0,Neurology,18
2025-06-09,0,9,6,0,ENT,15
2025-06-09,0,9,6,0,Gynecology,19
2025-06-10,1,10,6,0,Cardiology,28
2025-06-10,1,10,6,0,Pediatrics,30
2025-06-10,1,10,6,0,Dermatology,26
2025-06-10,1,10,6,0,General Medicine,39
2025-06-10,1,10,6,0,Orthopedics,21
2025-06-10,1,10,6,0,Neurology,13
2025-06-10,1,10,6,0,ENT,10
2025-06-10,1,10,6,0,Gynecology,19
2025-06-11,2,11,6,0,Cardiology,23
2025-06-11,2,11,6,0,Pediatrics,23
2025-06-11,2,11,6,0,Dermatology,23
2025-06-11,2,11,6,0,General Medicine,39
2025-06-11,2,11,6,0,Orthopedics,21
2025-06-11,2,11,6,0,Neurology,16
2025-06-11,2,11,6,0,ENT,13
2025-06-11,2,11,6,0,Gynecology,17
2025-06-12,3,12,6,0,Cardiology,26
2025-06-12,3,12,6,0,Pediatrics,25
2025-06-12,3,12,6,0,Dermatology,22
2025-06-12,3,12,6,0,General Medicine,33
2025-06-12,3,12,6,0,Orthopedics,19
2025-06-12,3,12,6,0,Neurology,16
2025-06-12,3,12,6,0,ENT,12
2025-06-12,3,12,6,0,Gynecology,14
2025-06-13,4,13,6,0,Cardiology,24
2025-06-13,4,13,6,0,Pediatrics,23
2025-06-13,4,13,6,0,Dermatology,21
2025-06-13,4,13,6,0,General Medicine,30
2025-06-13,4,13,6,0,Orthopedics,21
2025-06-13,4,13,6,0,Neurology,14
2025-06-13,4,13,6,0,ENT,11
2025-06-13,4,13,6,0,Gynecology,17
2025-06-14,5,14,6,1,Cardiology,16
2025-06-14,5,14,6,1,Pediatrics,15
2025-06-14,5,14,6,1,Dermatology,12
2025-06-14,5,14,6,1,General Medicine,15
2025-06-14,5,14,6,1,Orthopedics,9
2025-06-14,5,14,6,1,Neurology,7
2025-06-14,5,14,6,1,ENT,5
2025-06-14,5,14,6,1,Gynecology,8
2025-06-15,6,15,6,1,Cardiology,10
2025-06-15,6,15,6,1,Pediatrics,11
2025-06-15,6,15,6,1,Dermatology,8
2025-06-15,6,15,6,1,General Medicine,14
2025-06-15,6,15,6,1,Orthopedics,8
2025-06-15,6,15,6,1,Neurology,2
2025-06-15,6,15,6,1,ENT,3
2025-06-15,6,15,6,1,Gynecology,6
2025-06-16,0,16,6,0,Cardiology,28
2025-06-16,0,16,6,0,Pediatrics,34
2025-06-16,0,16,6,0,Dermatology,30
2025-06-16,0,16,6,0,General Medicine,42
2025-06-16,0,16,6,0,Orthopedics,25
2025-06-16,0,16,6,0,Neurology,20
2025-06-16,0,16,6,0,ENT,15
2025-06-16,0,16,6,0,Gynecology,19
2025-06-17,1,17,6,0,Cardiology,26
2025-06-17,1,17,6,0,Pediatrics,29
2025-06-17,1,17,6,0,Dermatology,24
2025-06-17,1,17,6,0,General Medicine,37
2025-06-17,1,17,6,0,Orthopedics,23
2025-06-17,1,17,6,0,Neurology,16
2025-06-17,1,17,6,0,ENT,15
2025-06-17,1,17,6,0,Gynecology,21
2025-06-18,2,18,6,0,Cardiology,27
2025-06-18,2,18,6,0,Pediatrics,24
2025-06-18,2,18,6,0,Dermatology,18
2025-06-18,2,18,6,0,General Medicine,35
2025-06-18,2,18,6,0,Orthopedics,18
2025-06-18,2,18,6,0,Neurology,14
2025-06-18,2,18,6,0,ENT,10
2025-06-18,2,18,6,0,Gynecology,13
2025-06-19,3,19,6,0,Cardiology,25
2025-06-19,3,19,6,0,Pediatrics,28
2025-06-19,3,19,6,0,Dermatology,20
2025-06-19,3,19,6,0,General Medicine,27
2025-06-19,3,19,6,0,Orthopedics,19
2025-06-19,3,19,6,0,Neurology,15
2025-06-19,3,19,6,0,ENT,9
2025-06-19,3,19,6,0,Gynecology,16
2025-06-20,4,20,6,0,Cardiology,23
2025-06-20,4,20,6,0,Pediatrics,26
2025-06-20,4,20,6,0,Dermatology,21
2025-06-20,4,20,6,0,General Medicine,28
2025-06-20,4,20,6,0,Orthopedics,21
2025-06-20,4,20,6,0,Neurology,13
2025-06-20,4,20,6,0,ENT,11
2025-06-20,4,20,6,0,Gynecology,13
2025-06-21,5,21,6,1,Cardiology,12
2025-06-21,5,21,6,1,Pediatrics,13
2025-06-21,5,21,6,1,Dermatology,12
2025-06-21,5,21,6,1,General Medicine,21
2025-06-21,5,21,6,1,Orthopedics,8
2025-06-21,5,21,6,1,Neurology,4
2025-06-21,5,21,6,1,ENT,10
2025-06-21,5,21,6,1,Gynecology,8
2025-06-22,6,22,6,1,Cardiology,8
2025-06-22,6,22,6,1,Pediatrics,12
2025-06-22,6,22,6,1,Dermatology,7
2025-06-22,6,22,6,1,General Medicine,16
2025-06-22,6,22,6,1,Orthopedics,9
2025-06-22,6,22,6,1,Neurology,5
2025-06-22,6,22,6,1,ENT,9
2025-06-22,6,22,6,1,Gynecology,5
2025-06-23,0,23,6,0,Cardiology,31
2025-06-23,0,23,6,0,Pediatrics,33
2025-06-23,0,23,6,0,Dermatology,30
2025-06-23,0,23,6,0,General Medicine,43
2025-06-23,0,23,6,0,Orthopedics,25
2025-06-23,0,23,6,0,Neurology,16
2025-06-23,0,23,6,0,ENT,16
2025-06-23,0,23,6,0,Gynecology,19
2025-06-24,1,24,6,0,Cardiology,32
2025-06-24,1,24,6,0,Pediatrics,30
2025-06-24,1,24,6,0,Dermatology,24
2025-06-24,1,24,6,0,General Medicine,37
2025-06-24,1,24,6,0,Orthopedics,20
2025-06-24,1,24,6,0,Neurology,14
2025-06-24,1,24,6,0,ENT,16
2025-06-24,1,24,6,0,Gynecology,17
2025-06-25,2,25,6,0,Cardiology,23
2025-06-25,2,25,6,0,Pediatrics,28
2025-06-25,2,25,6,0,Dermatology,25
2025-06-25,2,25,6,0,General Medicine,35
2025-06-25,2,25,6,0,Orthopedics,23
2025-06-25,2,25,6,0,Neurology,13
2025-06-25,2,25,6,0,ENT,10
2025-06-25,2,25,6,0,Gynecology,20
2025-06-26,3,26,6,0,Cardiology,23
2025-06-26,3,26,6,0,Pediatrics,25
2025-06-26,3,26,6,0,Dermatology,24
2025-06-26,3,26,6,0,General Medicine,33
2025-06-26,3,26,6,0,Orthopedics,21
2025-06-26,3,26,6,0,Neurology,18
2025-06-26,3,26,6,0,ENT,11
2025-06-26,3,26,6,0,Gynecology,18
2025-06-27,4,27,6,0,Cardiology,23
2025-06-27,4,27,6,0,Pediatrics,25
2025-06-27,4,27,6,0,Dermatology,24
2025-06-27,4,27,6,0,General Medicine,31
2025-06-27,4,27,6,0,Orthopedics,20
2025-06-27,4,27,6,0,Neurology,15
2025-06-27,4,27,6,0,ENT,11
2025-06-27,4,27,6,0,Gynecology,14
2025-06-28,5,28,6,1,Cardiology,11
2025-06-28,5,28,6,1,Pediatrics,10
2025-06-28,5,28,6,1,Dermatology,16
2025-06-28,5,28,6,1,General Medicine,15
2025-06-28,5,28,6,1,Orthopedics,11
2025-06-28,5,28,6,1,Neurology,7
2025-06-28,5,28,6,1,ENT,7
2025-06-28,5,28,6,1,Gynecology,10
2025-06-29,6,29,6,1,Cardiology,11
2025-06-29,6,29,6,1,Pediatrics,9
2025-06-29,6,29,6,1,Dermatology,8
2025-06-29,6,29,6,1,General Medicine,13
2025-06-29,6,29,6,1,Orthopedics,8
2025-06-29,6,29,6,1,Neurology,9
2025-06-29,6,29,6,1,ENT,6
2025-06-29,6,29,6,1,Gynecology,8
2025-06-30,0,30,6,0,Cardiology,31
2025-06-30,0,30,6,0,Pediatrics,35
2025-06-30,0,30,6,0,Dermatology,27
2025-06-30,0,30,6,0,General Medicine,37
2025-06-30,0,30,6,0,Orthopedics,26
2025-06-30,0,30,6,0,Neurology,16
2025-06-30,0,30,6,0,ENT,14
2025-06-30,0,30,6,0,Gynecology,21
2025-07-01,1,1,7,0,Cardiology,30
2025-07-01,1,1,7,0,Pediatrics,30
2025-07-01,1,1,7,0,Dermatology,25
2025-07-01,1,1,7,0,General Medicine,40
2025-07-01,1,1,7,0,Orthopedics,23
2025-07-01,1,1,7,0,Neurology,21
2025-07-01,1,1,7,0,ENT,15
2025-07-01,1,1,7,0,Gynecology,15
2025-07-02,2,2,7,0,Cardiology,27
2025-07-02,2,2,7,0,Pediatrics,28
2025-07-02,2,2,7,0,Dermatology,25
2025-07-02,2,2,7,0,General Medicine,35
2025-07-02,2,2,7,0,Orthopedics,21
2025-07-02,2,2,7,0,Neurology,12
2025-07-02,2,2,7,0,ENT,12
2025-07-02,2,2,7,0,Gynecology,15
2025-07-03,3,3,7,0,Cardiology,23
2025-07-03,3,3,7,0,Pediatrics,27
2025-07-03,3,3,7,0,Dermatology,25
2025-07-03,3,3,7,0,General Medicine,33
2025-07-03,3,3,7,0,Orthopedics,18
2025-07-03,3,3,7,0,Neurology,15
2025-07-03,3,3,7,0,ENT,14
2025-07-03,3,3,7,0,Gynecology,15
2025-07-04,4,4,7,0,Cardiology,23
2025-07-04,4,4,7,0,Pediatrics,25
2025-07-04,4,4,7,0,Dermatology,19
2025-07-04,4,4,7,0,General Medicine,32
2025-07-04,4,4,7,0,Orthopedics,19
2025-07-04,4,4,7,0,Neurology,14
2025-07-04,4,4,7,0,ENT,10
2025-07-04,4,4,7,0,Gynecology,14
2025-07-05,5,5,7,1,Cardiology,15
2025-07-05,5,5,7,1,Pediatrics,14
2025-07-05,5,5,7,1,Dermatology,15
2025-07-05,5,5,7,1,General Medicine,17
2025-07-05,5,5,7,1,Orthopedics,11
2025-07-05,5,5,7,1,Neurology,10
2025-07-05,5,5,7,1,ENT,4
2025-07-05,5,5,7,1,Gynecology,5
2025-07-06,6,6,7,1,Cardiology,7
2025-07-06,6,6,7,1,Pediatrics,13
2025-07-06,6,6,7,1,Dermatology,8
2025-07-06,6,6,7,1,General Medicine,18
2025-07-06,6,6,7,1,Orthopedics,7
2025-07-06,6,6,7,1,Neurology,6
2025-07-06,6,6,7,1,ENT,8
2025-07-06,6,6,7,1,Gynecology,10
2025-07-07,0,7,7,0,Cardiology,34
2025-07-07,0,7,7,0,Pediatrics,35
2025-07-07,0,7,7,0,Dermatology,29
2025-07-07,0,7,7,0,General Medicine,41
2025-07-07,0,7,7,0,Orthopedics,27
2025-07-07,0,7,7,0,Neurology,16
2025-07-07,0,7,7,0,ENT,13
2025-07-07,0,7,7,0,Gynecology,20
2025-07-08,1,8,7,0,Cardiology,27
2025-07-08,1,8,7,0,Pediatrics,29
2025-07-08,1,8,7,0,Dermatology,26
2025-07-08,1,8,7,0,General Medicine,39
2025-07-08,1,8,7,0,Orthopedics,23
2025-07-08,1,8,7,0,Neurology,19
2025-07-08,1,8,7,0,ENT,12
2025-07-08,1,8,7,0,Gynecology,18
2025-07-09,2,9,7,0,Cardiology,24
2025-07-09,2,9,7,0,Pediatrics,24
2025-07-09,2,9,7,0,Dermatology,23
2025-07-09,2,9,7,0,General Medicine,33
2025-07-09,2,9,7,0,Orthopedics,24
2025-07-09,2,9,7,0,Neurology,16
2025-07-09,2,9,7,0,ENT,11
2025-07-09,2,9,7,0,Gynecology,21
2025-07-10,3,10,7,0,Cardiology,26
2025-07-10,3,10,7,0,Pediatrics,27
2025-07-10,3,10,7,0,Dermatology,21
2025-07-10,3,10,7,0,General Medicine,30
2025-07-10,3,10,7,0,Orthopedics,19
2025-07-10,3,10,7,0,Neurology,16
2025-07-10,3,10,7,0,ENT,16
2025-07-10,3,10,7,0,Gynecology,19
2025-07-11,4,11,7,0,Cardiology,22
2025-07-11,4,11,7,0,Pediatrics,22
2025-07-11,4,11,7,0,Dermatology,21
2025-07-11,4,11,7,0,General Medicine,27
2025-07-11,4,11,7,0,Orthopedics,20
2025-07-11,4,11,7,0,Neurology,13
2025-07-11,4,11,7,0,ENT,10
2025-07-11,4,11,7,0,Gynecology,12
2025-07-12,5,12,7,1,Cardiology,14
2025-07-12,5,12,7,1,Pediatrics,13
2025-07-12,5,12,7,1,Dermatology,10
2025-07-12,5,12,7,1,General Medicine,12
2025-07-12,5,12,7,1,Orthopedics,11
2025-07-12,5,12,7,1,Neurology,11
2025-07-12,5,12,7,1,ENT,10
2025-07-12,5,12,7,1,Gynecology,8
2025-07-13,6,13,7,1,Cardiology,8
2025-07-13,6,13,7,1,Pediatrics,11
2025-07-13,6,13,7,1,Dermatology,7
2025-07-13,6,13,7,1,General Medicine,13
2025-07-13,6,13,7,1,Orthopedics,10
2025-07-13,6,13,7,1,Neurology,8
2025-07-13,6,13,7,1,ENT,5
2025-07-13,6,13,7,1,Gynecology,6
2025-07-14,0,14,7,0,Cardiology,28
2025-07-14,0,14,7,0,Pediatrics,31
2025-07-14,0,14,7,0,Dermatology,27
2025-07-14,0,14,7,0,General Medicine,41
2025-07-14,0,14,7,0,Orthopedics,27
2025-07-14,0,14,7,0,Neurology,16
2025-07-14,0,14,7,0,ENT,18
2025-07-14,0,14,7,0,Gynecology,19
2025-07-15,1,15,7,0,Cardiology,28
2025-07-15,1,15,7,0,Pediatrics,28
2025-07-15,1,15,7,0,Dermatology,20
2025-07-15,1,15,7,0,General Medicine,39
2025-07-15,1,15,7,0,Orthopedics,24
2025-07-15,1,15,7,0,Neurology,16
2025-07-15,1,15,7,0,ENT,14
2025-07-15,1,15,7,0,Gynecology,19
2025-07-16,2,16,7,0,Cardiology,22
2025-07-16,2,16,7,0,Pediatrics,26
2025-07-16,2,16,7,0,Dermatology,24
2025-07-16,2,16,7,0,General Medicine,31
2025-07-16,2,16,7,0,Orthopedics,22
2025-07-16,2,16,7,0,Neurology,12
2025-07-16,2,16,7,0,ENT,14
2025-07-16,2,16,7,0,Gynecology,17
2025-07-17,3,17,7,0,Cardiology,21
2025-07-17,3,17,7,0,Pediatrics,28
2025-07-17,3,17,7,0,Dermatology,20
2025-07-17,3,17,7,0,General Medicine,30
2025-07-17,3,17,7,0,Orthopedics,20
2025-07-17,3,17,7,0,Neurology,16
2025-07-17,3,17,7,0,ENT,10
2025-07-17,3,17,7,0,Gynecology,16
2025-07-18,4,18,7,0,Cardiology,24
2025-07-18,4,18,7,0,Pediatrics,26
2025-07-18,4,18,7,0,Dermatology,21
2025-07-18,4,18,7,0,General Medicine,30
2025-07-18,4,18,7,0,Orthopedics,17
2025-07-18,4,18,7,0,Neurology,13
2025-07-18,4,18,7,0,ENT,9
2025-07-18,4,18,7,0,Gynecology,9
2025-07-19,5,19,7,1,Cardiology,14
2025-07-19,5,19,7,1,Pediatrics,16
2025-07-19,5,19,7,1,Dermatology,7
2025-07-19,5,19,7,1,General Medicine,16
2025-07-19,5,19,7,1,Orthopedics,12
2025-07-19,5,19,7,1,Neurology,12
2025-07-19,5,19,7,1,ENT,7
2025-07-19,5,19,7,1,Gynecology,7
2025-07-20,6,20,7,1,Cardiology,9
2025-07-20,6,20,7,1,Pediatrics,13
2025-07-20,6,20,7,1,Dermatology,7
2025-07-20,6,20,7,1,General Medicine,11
2025-07-20,6,20,7,1,Orthopedics,7
2025-07-20,6,20,7,1,Neurology,4
2025-07-20,6,20,7,1,ENT,5
2025-07-20,6,20,7,1,Gynecology,10
2025-07-21,0,21,7,0,Cardiology,31
2025-07-21,0,21,7,0,Pediatrics,32
2025-07-21,0,21,7,0,Dermatology,26
2025-07-21,0,21,7,0,General Medicine,37
2025-07-21,0,21,7,0,Orthopedics,27
2025-07-21,0,21,7,0,Neurology,17
2025-07-21,0,21,7,0,ENT,15
2025-07-21,0,21,7,0,Gynecology,26
2025-07-22,1,22,7,0,Cardiology,28
2025-07-22,1,22,7,0,Pediatrics,28
2025-07-22,1,22,7,0,Dermatology,24
2025-07-22,1,22,7,0,General Medicine,39
2025-07-22,1,22,7,0,Orthopedics,23
2025-07-22,1,22,7,0,Neurology,13
2025-07-22,1,22,7,0,ENT,16
2025-07-22,1,22,7,0,Gynecology,17
2025-07-23,2,23,7,0,Cardiology,29
2025-07-23,2,23,7,0,Pediatrics,29
2025-07-23,2,23,7,0,Dermatology,22
2025-07-23,2,23,7,0,General Medicine,36
2025-07-23,2,23,7,0,Orthopedics,21
2025-07-23,2,23,7,0,Neurology,16
2025-07-23,2,23,7,0,ENT,14
2025-07-23,2,23,7,0,Gynecology,15
2025-07-24,3,24,7,0,Cardiology,23
2025-07-24,3,24,7,0,Pediatrics,28
2025-07-24,3,24,7,0,Dermatology,21
2025-07-24,3,24,7,0,General Medicine,31
2025-07-24,3,24,7,0,Orthopedics,18
2025-07-24,3,24,7,0,Neurology,15
2025-07-24,3,24,7,0,ENT,16
2025-07-24,3,24,7,0,Gynecology,14
2025-07-25,4,25,7,0,Cardiology,23
2025-07-25,4,25,7,0,Pediatrics,28
2025-07-25,4,25,7,0,Dermatology,20
2025-07-25,4,25,7,0,General Medicine,31
2025-07-25,4,25,7,0,Orthopedics,17
2025-07-25,4,25,7,0,Neurology,14
2025-07-25,4,25,7,0,ENT,11
2025-07-25,4,25,7,0,Gynecology,17
2025-07-26,5,26,7,1,Cardiology,16
2025-07-26,5,26,7,1,Pediatrics,19
2025-07-26,5,26,7,1,Dermatology,13
2025-07-26,5,26,7,1,General Medicine,18
2025-07-26,5,26,7,1,Orthopedics,11
2025-07-26,5,26,7,1,Neurology,7
2025-07-26,5,26,7,1,ENT,7
2025-07-26,5,26,7,1,Gynecology,8
2025-07-27,6,27,7,1,Cardiology,10
2025-07-27,6,27,7,1,Pediatrics,13
2025-07-27,6,27,7,1,Dermatology,7
2025-07-27,6,27,7,1,General Medicine,15
2025-07-27,6,27,7,1,Orthopedics,11
2025-07-27,6,27,7,1,Neurology,5
2025-07-27,6,27,7,1,ENT,2
2025-07-27,6,27,7,1,Gynecology,5
2025-07-28,0,28,7,0,Cardiology,33
2025-07-28,0,28,7,0,Pediatrics,32
2025-07-28,0,28,7,0,Dermatology,25
2025-07-28,0,28,7,0,General Medicine,39
2025-07-28,0,28,7,0,Orthopedics,27
2025-07-28,0,28,7,0,Neurology,19
2025-07-28,0,28,7,0,ENT,15
2025-07-28,0,28,7,0,Gynecology,19
2025-07-29,1,29,7,0,Cardiology,27
2025-07-29,1,29,7,0,Pediatrics,28
2025-07-29,1,29,7,0,Dermatology,28
2025-07-29,1,29,7,0,General Medicine,36
2025-07-29,1,29,7,0,Orthopedics,25
2025-07-29,1,29,7,0,Neurology,19
2025-07-29,1,29,7,0,ENT,16
2025-07-29,1,29,7,0,Gynecology,18
2025-07-30,2,30,7,0,Cardiology,26
2025-07-30,2,30,7,0,Pediatrics,27
2025-07-30,2,30,7,0,Dermatology,21
2025-07-30,2,30,7,0,General Medicine,34
2025-07-30,2,30,7,0,Orthopedics,19
2025-07-30,2,30,7,0,Neurology,17
2025-07-30,2,30,7,0,ENT,12
2025-07-30,2,30,7,0,Gynecology,17
2025-07-31,3,31,7,0,Cardiology,25
2025-07-31,3,31,7,0,Pediatrics,25
2025-07-31,3,31,7,0,Dermatology,23
2025-07-31,3,31,7,0,General Medicine,31
2025-07-31,3,31,7,0,Orthopedics,22
2025-07-31,3,31,7,0,Neurology,11
2025-07-31,3,31,7,0,ENT,12
2025-07-31,3,31,7,0,Gynecology,20
2025-08-01,4,1,8,0,Cardiology,21
2025-08-01,4,1,8,0,Pediatrics,23
2025-08-01,4,1,8,0,Dermatology,22
2025-08-01,4,1,8,0,General Medicine,31
2025-08-01,4,1,8,0,Orthopedics,20
2025-08-01,4,1,8,0,Neurology,14
2025-08-01,4,1,8,0,ENT,13
2025-08-01,4,1,8,0,Gynecology,17
2025-08-02,5,2,8,1,Cardiology,14
2025-08-02,5,2,8,1,Pediatrics,14
2025-08-02,5,2,8,1,Dermatology,13
2025-08-02,5,2,8,1,General Medicine,21
2025-08-02,5,2,8,1,Orthopedics,11
2025-08-02,5,2,8,1,Neurology,6
2025-08-02,5,2,8,1,ENT,9
2025-08-02,5,2,8,1,Gynecology,9
2025-08-03,6,3,8,1,Cardiology,5
2025-08-03,6,3,8,1,Pediatrics,12
2025-08-03,6,3,8,1,Dermatology,8
2025-08-03,6,3,8,1,General Medicine,13
2025-08-03,6,3,8,1,Orthopedics,9
2025-08-03,6,3,8,1,Neurology,6
2025-08-03,6,3,8,1,ENT,6
2025-08-03,6,3,8,1,Gynecology,6
2025-08-04,0,4,8,0,Cardiology,31
2025-08-04,0,4,8,0,Pediatrics,32
2025-08-04,0,4,8,0,Dermatology,28
2025-08-04,0,4,8,0,General Medicine,41
2025-08-04,0,4,8,0,Orthopedics,23
2025-08-04,0,4,8,0,Neurology,20
2025-08-04,0,4,8,0,ENT,14
2025-08-04,0,4,8,0,Gynecology,22
2025-08-05,1,5,8,0,Cardiology,28
2025-08-05,1,5,8,0,Pediatrics,34
2025-08-05,1,5,8,0,Dermatology,24
2025-08-05,1,5,8,0,General Medicine,36
2025-08-05,1,5,8,0,Orthopedics,23
2025-08-05,1,5,8,0,Neurology,15
2025-08-05,1,5,8,0,ENT,15
2025-08-05,1,5,8,0,Gynecology,15
2025-08-06,2,6,8,0,Cardiology,23
2025-08-06,2,6,8,0,Pediatrics,25
2025-08-06,2,6,8,0,Dermatology,25
2025-08-06,2,6,8,0,General Medicine,37
2025-08-06,2,6,8,0,Orthopedics,21
2025-08-06,2,6,8,0,Neurology,14
2025-08-06,2,6,8,0,ENT,13
2025-08-06,2,6,8,0,Gynecology,19
2025-08-07,3,7,8,0,Cardiology,22
2025-08-07,3,7,8,0,Pediatrics,26
2025-08-07,3,7,8,0,Dermatology,24
2025-08-07,3,7,8,0,General Medicine,33
2025-08-07,3,7,8,0,Orthopedics,20
2025-08-07,3,7,8,0,Neurology,16
2025-08-07,3,7,8,0,ENT,7
2025-08-07,3,7,8,0,Gynecology,17
2025-08-08,4,8,8,0,Cardiology,21
2025-08-08,4,8,8,0,Pediatrics,21
2025-08-08,4,8,8,0,Dermatology,22
2025-08-08,4,8,8,0,General Medicine,33
2025-08-08,4,8,8,0,Orthopedics,19
2025-08-08,4,8,8,0,Neurology,15
2025-08-08,4,8,8,0,ENT,15
2025-08-08,4,8,8,0,Gynecology,18
2025-08-09,5,9,8,1,Cardiology,16
2025-08-09,5,9,8,1,Pediatrics,16
2025-08-09,5,9,8,1,Dermatology,12
2025-08-09,5,9,8,1,General Medicine,14
2025-08-09,5,9,8,1,Orthopedics,11
2025-08-09,5,9,8,1,Neurology,6
2025-08-09,5,9,8,1,ENT,11
2025-08-09,5,9,8,1,Gynecology,8
2025-08-10,6,10,8,1,Cardiology,10
2025-08-10,6,10,8,1,Pediatrics,12
2025-08-10,6,10,8,1,Dermatology,9
2025-08-10,6,10,8,1,General Medicine,16
2025-08-10,6,10,8,1,Orthopedics,7
2025-08-10,6,10,8,1,Neurology,6
2025-08-10,6,10,8,1,ENT,3
2025-08-10,6,10,8,1,Gynecology,4
2025-08-11,0,11,8,0,Cardiology,29
2025-08-11,0,11,8,0,Pediatrics,32
2025-08-11,0,11,8,0,Dermatology,26
2025-08-11,0,11,8,0,General Medicine,39
2025-08-11,0,11,8,0,Orthopedics,22
2025-08-11,0,11,8,0,Neurology,17
2025-08-11,0,11,8,0,ENT,12
2025-08-11,0,11,8,0,Gynecology,22
2025-08-12,1,12,8,0,Cardiology,28
2025-08-12,1,12,8,0,Pediatrics,27
2025-08-12,1,12,8,0,Dermatology,24
2025-08-12,1,12,8,0,General Medicine,35
2025-08-12,1,12,8,0,Orthopedics,24
2025-08-12,1,12,8,0,Neurology,19
2025-08-12,1,12,8,0,ENT,10
2025-08-12,1,12,8,0,Gynecology,19
2025-08-13,2,13,8,0,Cardiology,25
2025-08-13,2,13,8,0,Pediatrics,29
2025-08-13,2,13,8,0,Dermatology,23
2025-08-13,2,13,8,0,General Medicine,32
2025-08-13,2,13,8,0,Orthopedics,20
2025-08-13,2,13,8,0,Neurology,13
2025-08-13,2,13,8,0,ENT,15
2025-08-13,2,13,8,0,Gynecology,17
2025-08-14,3,14,8,0,Cardiology,28
2025-08-14,3,14,8,0,Pediatrics,26
2025-08-14,3,14,8,0,Dermatology,20
2025-08-14,3,14,8,0,General Medicine,29
2025-08-14,3,14,8,0,Orthopedics,16
2025-08-14,3,14,8,0,Neurology,11
2025-08-14,3,14,8,0,ENT,13
2025-08-14,3,14,8,0,Gynecology,17
2025-08-15,4,15,8,0,Cardiology,20
2025-08-15,4,15,8,0,Pediatrics,26
2025-08-15,4,15,8,0,Dermatology,20
2025-08-15,4,15,8,0,General Medicine,31
2025-08-15,4,15,8,0,Orthopedics,22
2025-08-15,4,15,8,0,Neurology,15
2025-08-15,4,15,8,0,ENT,11
2025-08-15,4,15,8,0,Gynecology,13
2025-08-16,5,16,8,1,Cardiology,9
2025-08-16,5,16,8,1,Pediatrics,13
2025-08-16,5,16,8,1,Dermatology,11
2025-08-16,5,16,8,1,General Medicine,16
2025-08-16,5,16,8,1,Orthopedics,11
2025-08-16,5,16,8,1,Neurology,8
2025-08-16,5,16,8,1,ENT,6
2025-08-16,5,16,8,1,Gynecology,7
2025-08-17,6,17,8,1,Cardiology,10
2025-08-17,6,17,8,1,Pediatrics,11
2025-08-17,6,17,8,1,Dermatology,6
2025-08-17,6,17,8,1,General Medicine,16
2025-08-17,6,17,8,1,Orthopedics,8
2025-08-17,6,17,8,1,Neurology,6
2025-08-17,6,17,8,1,ENT,6
2025-08-17,6,17,8,1,Gynecology,7
2025-08-18,0,18,8,0,Cardiology,32
2025-08-18,0,18,8,0,Pediatrics,33
2025-08-18,0,18,8,0,Dermatology,26
2025-08-18,0,18,8,0,General Medicine,41
2025-08-18,0,18,8,0,Orthopedics,23
2025-08-18,0,18,8,0,Neurology,18
2025-08-18,0,18,8,0,ENT,15
2025-08-18,0,18,8,0,Gynecology,20
2025-08-19,1,19,8,0,Cardiology,27
2025-08-19,1,19,8,0,Pediatrics,26
2025-08-19,1,19,8,0,Dermatology,24
2025-08-19,1,19,8,0,General Medicine,37
2025-08-19,1,19,8,0,Orthopedics,23
2025-08-19,1,19,8,0,Neurology,14
2025-08-19,1,19,8,0,ENT,16
2025-08-19,1,19,8,0,Gynecology,17
2025-08-20,2,20,8,0,Cardiology,27
2025-08-20,2,20,8,0,Pediatrics,28
2025-08-20,2,20,8,0,Dermatology,21
2025-08-20,2,20,8,0,General Medicine,37
2025-08-20,2,20,8,0,Orthopedics,19
2025-08-20,2,20,8,0,Neurology,17
2025-08-20,2,20,8,0,ENT,15
2025-08-20,2,20,8,0,Gynecology,15
2025-08-21,3,21,8,0,Cardiology,27
2025-08-21,3,21,8,0,Pediatrics,25
2025-08-21,3,21,8,0,Dermatology,22
2025-08-21,3,21,8,0,General Medicine,33
2025-08-21,3,21,8,0,Orthopedics,20
2025-08-21,3,21,8,0,Neurology,16
2025-08-21,3,21,8,0,ENT,14
2025-08-21,3,21,8,0,Gynecology,13
2025-08-22,4,22,8,0,Cardiology,25
2025-08-22,4,22,8,0,Pediatrics,21
2025-08-22,4,22,8,0,Dermatology,23
2025-08-22,4,22,8,0,General Medicine,33
2025-08-22,4,22,8,0,Orthopedics,17
2025-08-22,4,22,8,0,Neurology,12
2025-08-22,4,22,8,0,ENT,9
2025-08-22,4,22,8,0,Gynecology,15
2025-08-23,5,23,8,1,Cardiology,13
2025-08-23,5,23,8,1,Pediatrics,16
2025-08-23,5,23,8,1,Dermatology,15
2025-08-23,5,23,8,1,General Medicine,20
2025-08-23,5,23,8,1,Orthopedics,10
2025-08-23,5,23,8,1,Neurology,7
2025-08-23,5,23,8,1,ENT,3
2025-08-23,5,23,8,1,Gynecology,7
2025-08-24,6,24,8,1,Cardiology,12
2025-08-24,6,24,8,1,Pediatrics,14
2025-08-24,6,24,8,1,Dermatology,6
2025-08-24,6,24,8,1,General Medicine,12
2025-08-24,6,24,8,1,Orthopedics,8
2025-08-24,6,24,8,1,Neurology,6
2025-08-24,6,24,8,1,ENT,3
2025-08-24,6,24,8,1,Gynecology,7
2025-08-25,0,25,8,0,Cardiology,29
2025-08-25,0,25,8,0,Pediatrics,32
2025-08-25,0,25,8,0,Dermatology,28
2025-08-25,0,25,8,0,General Medicine,40
2025-08-25,0,25,8,0,Orthopedics,24
2025-08-25,0,25,8,0,Neurology,17
2025-08-25,0,25,8,0,ENT,15
2025-08-25,0,25,8,0,Gynecology,19
2025-08-26,1,26,8,0,Cardiology,27
2025-08-26,1,26,8,0,Pediatrics,33
2025-08-26,1,26,8,0,Dermatology,26
2025-08-26,1,26,8,0,General Medicine,36
2025-08-26,1,26,8,0,Orthopedics,24
2025-08-26,1,26,8,0,Neurology,15
2025-08-26,1,26,8,0,ENT,16
2025-08-26,1,26,8,0,Gynecology,19
2025-08-27,2,27,8,0,Cardiology,25
2025-08-27,2,27,8,0,Pediatrics,28
2025-08-27,2,27,8,0,Dermatology,20
2025-08-27,2,27,8,0,General Medicine,31
2025-08-27,2,27,8,0,Orthopedics,19
2025-08-27,2,27,8,0,Neurology,15
2025-08-27,2,27,8,0,ENT,16
2025-08-27,2,27,8,0,Gynecology,21
2025-08-28,3,28,8,0,Cardiology,25
2025-08-28,3,28,8,0,Pediatrics,27
2025-08-28,3,28,8,0,Dermatology,18
2025-08-28,3,28,8,0,General Medicine,31
2025-08-28,3,28,8,0,Orthopedics,18
2025-08-28,3,28,8,0,Neurology,13
2025-08-28,3,28,8,0,ENT,12
2025-08-28,3,28,8,0,Gynecology,15
2025-08-29,4,29,8,0,Cardiology,19
2025-08-29,4,29,8,0,Pediatrics,26
2025-08-29,4,29,8,0,Dermatology,18
2025-08-29,4,29,8,0,General Medicine,31
2025-08-29,4,29,8,0,Orthopedics,23
2025-08-29,4,29,8,0,Neurology,11
2025-08-29,4,29,8,0,ENT,6
2025-08-29,4,29,8,0,Gynecology,15
2025-08-30,5,30,8,1,Cardiology,15
2025-08-30,5,30,8,1,Pediatrics,18
2025-08-30,5,30,8,1,Dermatology,9
2025-08-30,5,30,8,1,General Medicine,19
2025-08-30,5,30,8,1,Orthopedics,10
2025-08-30,5,30,8,1,Neurology,7
2025-08-30,5,30,8,1,ENT,12
2025-08-30,5,30,8,1,Gynecology,6
2025-08-31,6,31,8,1,Cardiology,10
2025-08-31,6,31,8,1,Pediatrics,11
2025-08-31,6,31,8,1,Dermatology,11
2025-08-31,6,31,8,1,General Medicine,13
2025-08-31,6,31,8,1,Orthopedics,9
2025-08-31,6,31,8,1,Neurology,5
2025-08-31,6,31,8,1,ENT,5
2025-08-31,6,31,8,1,Gynecology,6
2025-09-01,0,1,9,0,Cardiology,31
2025-09-01,0,1,9,0,Pediatrics,32
2025-09-01,0,1,9,0,Dermatology,23
2025-09-01,0,1,9,0,General Medicine,40
2025-09-01,0,1,9,0,Orthopedics,27
2025-09-01,0,1,9,0,Neurology,17
2025-09-01,0,1,9,0,ENT,11
2025-09-01,0,1,9,0,Gynecology,23
2025-09-02,1,2,9,0,Cardiology,26
2025-09-02,1,2,9,0,Pediatrics,29
2025-09-02,1,2,9,0,Dermatology,20
2025-09-02,1,2,9,0,General Medicine,40
2025-09-02,1,2,9,0,Orthopedics,19
2025-09-02,1,2,9,0,Neurology,22
2025-09-02,1,2,9,0,ENT,16
2025-09-02,1,2,9,0,Gynecology,19
2025-09-03,2,3,9,0,Cardiology,25
2025-09-03,2,3,9,0,Pediatrics,28
2025-09-03,2,3,9,0,Dermatology,20
2025-09-03,2,3,9,0,General Medicine,35
2025-09-03,2,3,9,0,Orthopedics,22
2025-09-03,2,3,9,0,Neurology,15
2025-09-03,2,3,9,0,ENT,12
2025-09-03,2,3,9,0,Gynecology,16
2025-09-04,3,4,9,0,Cardiology,24
2025-09-04,3,4,9,0,Pediatrics,28
2025-09-04,3,4,9,0,Dermatology,19
2025-09-04,3,4,9,0,General Medicine,26
2025-09-04,3,4,9,0,Orthopedics,21
2025-09-04,3,4,9,0,Neurology,14
2025-09-04,3,4,9,0,ENT,12
2025-09-04,3,4,9,0,Gynecology,15
2025-09-05,4,5,9,0,Cardiology,25
2025-09-05,4,5,9,0,Pediatrics,27
2025-09-05,4,5,9,0,Dermatology,16
2025-09-05,4,5,9,0,General Medicine,31
2025-09-05,4,5,9,0,Orthopedics,17
2025-09-05,4,5,9,0,Neurology,11
2025-09-05,4,5,9,0,ENT,10
2025-09-05,4,5,9,0,Gynecology,17
2025-09-06,5,6,9,1,Cardiology,15
2025-09-06,5,6,9,1,Pediatrics,15
2025-09-06,5,6,9,1,Dermatology,11
2025-09-06,5,6,9,1,General Medicine,19
2025-09-06,5,6,9,1,Orthopedics,10
2025-09-06,5,6,9,1,Neurology,9
2025-09-06,5,6,9,1,ENT,8
2025-09-06,5,6,9,1,Gynecology,10
2025-09-07,6,7,9,1,Cardiology,12
2025-09-07,6,7,9,1,Pediatrics,12
2025-09-07,6,7,9,1,Dermatology,8
2025-09-07,6,7,9,1,General Medicine,15
2025-09-07,6,7,9,1,Orthopedics,8
2025-09-07,6,7,9,1,Neurology,4
2025-09-07,6,7,9,1,ENT,4
2025-09-07,6,7,9,1,Gynecology,5
2025-09-08,0,8,9,0,Cardiology,29
2025-09-08,0,8,9,0,Pediatrics,32
2025-09-08,0,8,9,0,Dermatology,21
2025-09-08,0,8,9,0,General Medicine,39
2025-09-08,0,8,9,0,Orthopedics,21
2025-09-08,0,8,9,0,Neurology,18
2025-09-08,0,8,9,0,ENT,15
2025-09-08,0,8,9,0,Gynecology,18
2025-09-09,1,9,9,0,Cardiology,29
2025-09-09,1,9,9,0,Pediatrics,32
2025-09-09,1,9,9,0,Dermatology,17
2025-09-09,1,9,9,0,General Medicine,35
2025-09-09,1,9,9,0,Orthopedics,21
2025-09-09,1,9,9,0,Neurology,14
2025-09-09,1,9,9,0,ENT,15
2025-09-09,1,9,9,0,Gynecology,18
2025-09-10,2,10,9,0,Cardiology,25
2025-09-10,2,10,9,0,Pediatrics,23
2025-09-10,2,10,9,0,Dermatology,20
2025-09-10,2,10,9,0,General Medicine,31
2025-09-10,2,10,9,0,Orthopedics,21
2025-09-10,2,10,9,0,Neurology,15
2025-09-10,2,10,9,0,ENT,15
2025-09-10,2,10,9,0,Gynecology,14
2025-09-11,3,11,9,0,Cardiology,18
2025-09-11,3,11,9,0,Pediatrics,26
2025-09-11,3,11,9,0,Dermatology,22
2025-09-11,3,11,9,0,General Medicine,34
2025-09-11,3,11,9,0,Orthopedics,20
2025-09-11,3,11,9,0,Neurology,13
2025-09-11,3,11,9,0,ENT,14
2025-09-11,3,11,9,0,Gynecology,14
2025-09-12,4,12,9,0,Cardiology,24
2025-09-12,4,12,9,0,Pediatrics,26
2025-09-12,4,12,9,0,Dermatology,19
2025-09-12,4,12,9,0,General Medicine,36
2025-09-12,4,12,9,0,Orthopedics,20
2025-09-12,4,12,9,0,Neurology,12
2025-09-12,4,12,9,0,ENT,11
2025-09-12,4,12,9,0,Gynecology,12
2025-09-13,5,13,9,1,Cardiology,12
2025-09-13,5,13,9,1,Pediatrics,13
2025-09-13,5,13,9,1,Dermatology,9
2025-09-13,5,13,9,1,General Medicine,18
2025-09-13,5,13,9,1,Orthopedics,9
2025-09-13,5,13,9,1,Neurology,10
2025-09-13,5,13,9,1,ENT,7
2025-09-13,5,13,9,1,Gynecology,9
2025-09-14,6,14,9,1,Cardiology,9
2025-09-14,6,14,9,1,Pediatrics,11
2025-09-14,6,14,9,1,Dermatology,9
2025-09-14,6,14,9,1,General Medicine,11
2025-09-14,6,14,9,1,Orthopedics,7
2025-09-14,6,14,9,1,Neurology,5
2025-09-14,6,14,9,1,ENT,2
2025-09-14,6,14,9,1,Gynecology,5
2025-09-15,0,15,9,0,Cardiology,29
2025-09-15,0,15,9,0,Pediatrics,34
2025-09-15,0,15,9,0,Dermatology,23
2025-09-15,0,15,9,0,General Medicine,40
2025-09-15,0,15,9,0,Orthopedics,27
2025-09-15,0,15,9,0,Neurology,17
2025-09-15,0,15,9,0,ENT,16
2025-09-15,0,15,9,0,Gynecology,20
2025-09-16,1,16,9,0,Cardiology,28
2025-09-16,1,16,9,0,Pediatrics,29
2025-09-16,1,16,9,0,Dermatology,16
2025-09-16,1,16,9,0,General Medicine,37
2025-09-16,1,16,9,0,Orthopedics,26
2025-09-16,1,16,9,0,Neurology,18
2025-09-16,1,16,9,0,ENT,16
2025-09-16,1,16,9,0,Gynecology,21
2025-09-17,2,17,9,0,Cardiology,25
2025-09-17,2,17,9,0,Pediatrics,28
2025-09-17,2,17,9,0,Dermatology,18
2025-09-17,2,17,9,0,General Medicine,33
2025-09-17,2,17,9,0,Orthopedics,22
2025-09-17,2,17,9,0,Neurology,17
2025-09-17,2,17,9,0,ENT,12
2025-09-17,2,17,9,0,Gynecology,16
2025-09-18,3,18,9,0,Cardiology,24
2025-09-18,3,18,9,0,Pediatrics,27
2025-09-18,3,18,9,0,Dermatology,15
2025-09-18,3,18,9,0,General Medicine,27
2025-09-18,3,18,9,0,Orthopedics,19
2025-09-18,3,18,9,0,Neurology,12
2025-09-18,3,18,9,0,ENT,11
2025-09-18,3,18,9,0,Gynecology,16
2025-09-19,4,19,9,0,Cardiology,22
2025-09-19,4,19,9,0,Pediatrics,28
2025-09-19,4,19,9,0,Dermatology,18
2025-09-19,4,19,9,0,General Medicine,31
2025-09-19,4,19,9,0,Orthopedics,20
2025-09-19,4,19,9,0,Neurology,11
2025-09-19,4,19,9,0,ENT,13
2025-09-19,4,19,9,0,Gynecology,15
2025-09-20,5,20,9,1,Cardiology,15
2025-09-20,5,20,9,1,Pediatrics,12
2025-09-20,5,20,9,1,Dermatology,7
2025-09-20,5,20,9,1,General Medicine,19
2025-09-20,5,20,9,1,Orthopedics,12
2025-09-20,5,20,9,1,Neurology,6
2025-09-20,5,20,9,1,ENT,5
2025-09-20,5,20,9,1,Gynecology,11
2025-09-21,6,21,9,1,Cardiology,7
2025-09-21,6,21,9,1,Pediatrics,14
2025-09-21,6,21,9,1,Dermatology,5
2025-09-21,6,21,9,1,General Medicine,14
2025-09-21,6,21,9,1,Orthopedics,7
2025-09-21,6,21,9,1,Neurology,7
2025-09-21,6,21,9,1,ENT,4
2025-09-21,6,21,9,1,Gynecology,6
2025-09-22,0,22,9,0,Cardiology,30
2025-09-22,0,22,9,0,Pediatrics,30
2025-09-22,0,22,9,0,Dermatology,24
2025-09-22,0,22,9,0,General Medicine,39
2025-09-22,0,22,9,0,Orthopedics,25
2025-09-22,0,22,9,0,Neurology,16
2025-09-22,0,22,9,0,ENT,10
2025-09-22,0,22,9,0,Gynecology,20
2025-09-23,1,23,9,0,Cardiology,32
2025-09-23,1,23,9,0,Pediatrics,31
2025-09-23,1,23,9,0,Dermatology,21
2025-09-23,1,23,9,0,General Medicine,36
2025-09-23,1,23,9,0,Orthopedics,23
2025-09-23,1,23,9,0,Neurology,17
2025-09-23,1,23,9,0,ENT,11
2025-09-23,1,23,9,0,Gynecology,21
2025-09-24,2,24,9,0,Cardiology,27
2025-09-24,2,24,9,0,Pediatrics,29
2025-09-24,2,24,9,0,Dermatology,20
2025-09-24,2,24,9,0,General Medicine,34
2025-09-24,2,24,9,0,Orthopedics,22
2025-09-24,2,24,9,0,Neurology,16
2025-09-24,2,24,9,0,ENT,12
2025-09-24,2,24,9,0,Gynecology,16
2025-09-25,3,25,9,0,Cardiology,24
2025-09-25,3,25,9,0,Pediatrics,29
2025-09-25,3,25,9,0,Dermatology,16
2025-09-25,3,25,9,0,General Medicine,29
2025-09-25,3,25,9,0,Orthopedics,20
2025-09-25,3,25,9,0,Neurology,14
2025-09-25,3,25,9,0,ENT,12
2025-09-25,3,25,9,0,Gynecology,16
2025-09-26,4,26,9,0,Cardiology,22
2025-09-26,4,26,9,0,Pediatrics,28
2025-09-26,4,26,9,0,Dermatology,14
2025-09-26,4,26,9,0,General Medicine,29
2025-09-26,4,26,9,0,Orthopedics,19
2025-09-26,4,26,9,0,Neurology,10
2025-09-26,4,26,9,0,ENT,11
2025-09-26,4,26,9,0,Gynecology,19
2025-09-27,5,27,9,1,Cardiology,13
2025-09-27,5,27,9,1,Pediatrics,15
2025-09-27,5,27,9,1,Dermatology,7
2025-09-27,5,27,9,1,General Medicine,16
2025-09-27,5,27,9,1,Orthopedics,10
2025-09-27,5,27,9,1,Neurology,7
2025-09-27,5,27,9,1,ENT,9
2025-09-27,5,27,9,1,Gynecology,10
2025-09-28,6,28,9,1,Cardiology,7
2025-09-28,6,28,9,1,Pediatrics,11
2025-09-28,6,28,9,1,Dermatology,8
2025-09-28,6,28,9,1,General Medicine,15
2025-09-28,6,28,9,1,Orthopedics,11
2025-09-28,6,28,9,1,Neurology,4
2025-09-28,6,28,9,1,ENT,3
2025-09-28,6,28,9,1,Gynecology,4
2025-09-29,0,29,9,0,Cardiology,30
2025-09-29,0,29,9,0,Pediatrics,33
2025-09-29,0,29,9,0,Dermatology,24
2025-09-29,0,29,9,0,General Medicine,40
2025-09-29,0,29,9,0,Orthopedics,24
2025-09-29,0,29,9,0,Neurology,18
2025-09-29,0,29,9,0,ENT,13
2025-09-29,0,29,9,0,Gynecology,24
2025-09-30,1,30,9,0,Cardiology,24
2025-09-30,1,30,9,0,Pediatrics,30
2025-09-30,1,30,9,0,Dermatology,25
2025-09-30,1,30,9,0,General Medicine,37
2025-09-30,1,30,9,0,Orthopedics,23
2025-09-30,1,30,9,0,Neurology,15
2025-09-30,1,30,9,0,ENT,13
2025-09-30,1,30,9,0,Gynecology,21
2025-10-01,2,1,10,0,Cardiology,21
2025-10-01,2,1,10,0,Pediatrics,30
2025-10-01,2,1,10,0,Dermatology,16
2025-10-01,2,1,10,0,General Medicine,33
2025-10-01,2,1,10,0,Orthopedics,20
2025-10-01,2,1,10,0,Neurology,16
2025-10-01,2,1,10,0,ENT,9
2025-10-01,2,1,10,0,Gynecology,18
2025-10-02,3,2,10,0,Cardiology,28
2025-10-02,3,2,10,0,Pediatrics,23
2025-10-02,3,2,10,0,Dermatology,18
2025-10-02,3,2,10,0,General Medicine,31
2025-10-02,3,2,10,0,Orthopedics,21
2025-10-02,3,2,10,0,Neurology,14
2025-10-02,3,2,10,0,ENT,11
2025-10-02,3,2,10,0,Gynecology,17
2025-10-03,4,3,10,0,Cardiology,26
2025-10-03,4,3,10,0,Pediatrics,24
2025-10-03,4,3,10,0,Dermatology,19
2025-10-03,4,3,10,0,General Medicine,28
2025-10-03,4,3,10,0,Orthopedics,17
2025-10-03,4,3,10,0,Neurology,14
2025-10-03,4,3,10,0,ENT,14
2025-10-03,4,3,10,0,Gynecology,16
2025-10-04,5,4,10,1,Cardiology,13
2025-10-04,5,4,10,1,Pediatrics,14
2025-10-04,5,4,10,1,Dermatology,7
2025-10-04,5,4,10,1,General Medicine,19
2025-10-04,5,4,10,1,Orthopedics,13
2025-10-04,5,4,10,1,Neurology,7
2025-10-04,5,4,10,1,ENT,6
2025-10-04,5,4,10,1,Gynecology,9
2025-10-05,6,5,10,1,Cardiology,9
2025-10-05,6,5,10,1,Pediatrics,10
2025-10-05,6,5,10,1,Dermatology,11
2025-10-05,6,5,10,1,General Medicine,12
2025-10-05,6,5,10,1,Orthopedics,7
2025-10-05,6,5,10,1,Neurology,4
2025-10-05,6,5,10,1,ENT,6
2025-10-05,6,5,10,1,Gynecology,6
2025-10-06,0,6,10,0,Cardiology,29
2025-10-06,0,6,10,0,Pediatrics,35
2025-10-06,0,6,10,0,Dermatology,25
2025-10-06,0,6,10,0,General Medicine,39
2025-10-06,0,6,10,0,Orthopedics,21
2025-10-06,0,6,10,0,Neurology,20
2025-10-06,0,6,10,0,ENT,14
2025-10-06,0,6,10,0,Gynecology,22
2025-10-07,1,7,10,0,Cardiology,24
2025-10-07,1,7,10,0,Pediatrics,32
2025-10-07,1,7,10,0,Dermatology,18
2025-10-07,1,7,10,0,General Medicine,38
2025-10-07,1,7,10,0,Orthopedics,23
2025-10-07,1,7,10,0,Neurology,14
2025-10-07,1,7,10,0,ENT,13
2025-10-07,1,7,10,0,Gynecology,20
2025-10-08,2,8,10,0,Cardiology,25
2025-10-08,2,8,10,0,Pediatrics,28
2025-10-08,2,8,10,0,Dermatology,23
2025-10-08,2,8,10,0,General Medicine,30
2025-10-08,2,8,10,0,Orthopedics,24
2025-10-08,2,8,10,0,Neurology,15
2025-10-08,2,8,10,0,ENT,11
2025-10-08,2,8,10,0,Gynecology,14
2025-10-09,3,9,10,0,Cardiology,24
2025-10-09,3,9,10,0,Pediatrics,28
2025-10-09,3,9,10,0,Dermatology,18
2025-10-09,3,9,10,0,General Medicine,35
2025-10-09,3,9,10,0,Orthopedics,17
2025-10-09,3,9,10,0,Neurology,14
2025-10-09,3,9,10,0,ENT,9
2025-10-09,3,9,10,0,Gynecology,17
2025-10-10,4,10,10,0,Cardiology,25
2025-10-10,4,10,10,0,Pediatrics,24
2025-10-10,4,10,10,0,Dermatology,12
2025-10-10,4,10,10,0,General Medicine,31
2025-10-10,4,10,10,0,Orthopedics,20
2025-10-10,4,10,10,0,Neurology,14
2025-10-10,4,10,10,0,ENT,14
2025-10-10,4,10,10,0,Gynecology,13
2025-10-11,5,11,10,1,Cardiology,15
2025-10-11,5,11,10,1,Pediatrics,17
2025-10-11,5,11,10,1,Dermatology,6
2025-10-11,5,11,10,1,General Medicine,18
2025-10-11,5,11,10,1,Orthopedics,10
2025-10-11,5,11,10,1,Neurology,8
2025-10-11,5,11,10,1,ENT,7
2025-10-11,5,11,10,1,Gynecology,8
2025-10-12,6,12,10,1,Cardiology,8
2025-10-12,6,12,10,1,Pediatrics,10
2025-10-12,6,12,10,1,Dermatology,5
2025-10-12,6,12,10,1,General Medicine,11
2025-10-12,6,12,10,1,Orthopedics,9
2025-10-12,6,12,10,1,Neurology,3
2025-10-12,6,12,10,1,ENT,6
2025-10-12,6,12,10,1,Gynecology,7
2025-10-13,0,13,10,0,Cardiology,27
2025-10-13,0,13,10,0,Pediatrics,31
2025-10-13,0,13,10,0,Dermatology,25
2025-10-13,0,13,10,0,General Medicine,38
2025-10-13,0,13,10,0,Orthopedics,24
2025-10-13,0,13,10,0,Neurology,18
2025-10-13,0,13,10,0,ENT,17
2025-10-13,0,13,10,0,Gynecology,19
2025-10-14,1,14,10,0,Cardiology,26
2025-10-14,1,14,10,0,Pediatrics,33
2025-10-14,1,14,10,0,Dermatology,24
2025-10-14,1,14,10,0,General Medicine,39
2025-10-14,1,14,10,0,Orthopedics,23
2025-10-14,1,14,10,0,Neurology,14
2025-10-14,1,14,10,0,ENT,12
2025-10-14,1,14,10,0,Gynecology,19
2025-10-15,2,15,10,0,Cardiology,26
2025-10-15,2,15,10,0,Pediatrics,30
2025-10-15,2,15,10,0,Dermatology,20
2025-10-15,2,15,10,0,General Medicine,31
2025-10-15,2,15,10,0,Orthopedics,23
2025-10-15,2,15,10,0,Neurology,13
2025-10-15,2,15,10,0,ENT,12
2025-10-15,2,15,10,0,Gynecology,17
2025-10-16,3,16,10,0,Cardiology,28
2025-10-16,3,16,10,0,Pediatrics,32
2025-10-16,3,16,10,0,Dermatology,19
2025-10-16,3,16,10,0,General Medicine,32
2025-10-16,3,16,10,0,Orthopedics,21
2025-10-16,3,16,10,0,Neurology,16
2025-10-16,3,16,10,0,ENT,11
2025-10-16,3,16,10,0,Gynecology,20
2025-10-17,4,17,10,0,Cardiology,23
2025-10-17,4,17,10,0,Pediatrics,26
2025-10-17,4,17,10,0,Dermatology,18
2025-10-17,4,17,10,0,General Medicine,31
2025-10-17,4,17,10,0,Orthopedics,21
2025-10-17,4,17,10,0,Neurology,12
2025-10-17,4,17,10,0,ENT,10
2025-10-17,4,17,10,0,Gynecology,13
2025-10-18,5,18,10,1,Cardiology,14
2025-10-18,5,18,10,1,Pediatrics,16
2025-10-18,5,18,10,1,Dermatology,11
2025-10-18,5,18,10,1,General Medicine,21
2025-10-18,5,18,10,1,Orthopedics,11
2025-10-18,5,18,10,1,Neurology,9
2025-10-18,5,18,10,1,ENT,4
2025-10-18,5,18,10,1,Gynecology,8
2025-10-19,6,19,10,1,Cardiology,11
2025-10-19,6,19,10,1,Pediatrics,12
2025-10-19,6,19,10,1,Dermatology,7
2025-10-19,6,19,10,1,General Medicine,13
2025-10-19,6,19,10,1,Orthopedics,5
2025-10-19,6,19,10,1,Neurology,5
2025-10-19,6,19,10,1,ENT,7
2025-10-19,6,19,10,1,Gynecology,8
2025-10-20,0,20,10,0,Cardiology,31
2025-10-20,0,20,10,0,Pediatrics,33
2025-10-20,0,20,10,0,Dermatology,23
2025-10-20,0,20,10,0,General Medicine,39
2025-10-20,0,20,10,0,Orthopedics,26
2025-10-20,0,20,10,0,Neurology,18
2025-10-20,0,20,10,0,ENT,16
2025-10-20,0,20,10,0,Gynecology,19
2025-10-21,1,21,10,0,Cardiology,23
2025-10-21,1,21,10,0,Pediatrics,32
2025-10-21,1,21,10,0,Dermatology,20
2025-10-21,1,21,10,0,General Medicine,35
2025-10-21,1,21,10,0,Orthopedics,24
2025-10-21,1,21,10,0,Neurology,15
2025-10-21,1,21,10,0,ENT,16
2025-10-21,1,21,10,0,Gynecology,20
2025-10-22,2,22,10,0,Cardiology,27
2025-10-22,2,22,10,0,Pediatrics,25
2025-10-22,2,22,10,0,Dermatology,21
2025-10-22,2,22,10,0,General Medicine,34
2025-10-22,2,22,10,0,Orthopedics,20
2025-10-22,2,22,10,0,Neurology,15
2025-10-22,2,22,10,0,ENT,9
2025-10-22,2,22,10,0,Gynecology,18
2025-10-23,3,23,10,0,Cardiology,22
2025-10-23,3,23,10,0,Pediatrics,23
2025-10-23,3,23,10,0,Dermatology,15
2025-10-23,3,23,10,0,General Medicine,34
2025-10-23,3,23,10,0,Orthopedics,19
2025-10-23,3,23,10,0,Neurology,17
2025-10-23,3,23,10,0,ENT,11
2025-10-23,3,23,10,0,Gynecology,13
2025-10-24,4,24,10,0,Cardiology,21
2025-10-24,4,24,10,0,Pediatrics,27
2025-10-24,4,24,10,0,Dermatology,17
2025-10-24,4,24,10,0,General Medicine,29
2025-10-24,4,24,10,0,Orthopedics,19
2025-10-24,4,24,10,0,Neurology,14
2025-10-24,4,24,10,0,ENT,14
2025-10-24,4,24,10,0,Gynecology,18
2025-10-25,5,25,10,1,Cardiology,12
2025-10-25,5,25,10,1,Pediatrics,12
2025-10-25,5,25,10,1,Dermatology,9
2025-10-25,5,25,10,1,General Medicine,18
2025-10-25,5,25,10,1,Orthopedics,9
2025-10-25,5,25,10,1,Neurology,6
2025-10-25,5,25,10,1,ENT,7
2025-10-25,5,25,10,1,Gynecology,9
2025-10-26,6,26,10,1,Cardiology,10
2025-10-26,6,26,10,1,Pediatrics,9
2025-10-26,6,26,10,1,Dermatology,7
2025-10-26,6,26,10,1,General Medicine,11
2025-10-26,6,26,10,1,Orthopedics,10
2025-10-26,6,26,10,1,Neurology,8
2025-10-26,6,26,10,1,ENT,2
2025-10-26,6,26,10,1,Gynecology,5
2025-10-27,0,27,10,0,Cardiology,27
2025-10-27,0,27,10,0,Pediatrics,31
2025-10-27,0,27,10,0,Dermatology,22
2025-10-27,0,27,10,0,General Medicine,37
2025-10-27,0,27,10,0,Orthopedics,23
2025-10-27,0,27,10,0,Neurology,15
2025-10-27,0,27,10,0,ENT,15
2025-10-27,0,27,10,0,Gynecology,20
2025-10-28,1,28,10,0,Cardiology,26
2025-10-28,1,28,10,0,Pediatrics,30
2025-10-28,1,28,10,0,Dermatology,20
2025-10-28,1,28,10,0,General Medicine,36
2025-10-28,1,28,10,0,Orthopedics,26
2025-10-28,1,28,10,0,Neurology,19
2025-10-28,1,28,10,0,ENT,11
2025-10-28,1,28,10,0,Gynecology,20
2025-10-29,2,29,10,0,Cardiology,27
2025-10-29,2,29,10,0,Pediatrics,25
2025-10-29,2,29,10,0,Dermatology,21
2025-10-29,2,29,10,0,General Medicine,37
2025-10-29,2,29,10,0,Orthopedics,19
2025-10-29,2,29,10,0,Neurology,13
2025-10-29,2,29,10,0,ENT,15
2025-10-29,2,29,10,0,Gynecology,17
2025-10-30,3,30,10,0,Cardiology,25
2025-10-30,3,30,10,0,Pediatrics,27
2025-10-30,3,30,10,0,Dermatology,19
2025-10-30,3,30,10,0,General Medicine,29
2025-10-30,3,30,10,0,Orthopedics,22
2025-10-30,3,30,10,0,Neurology,16
2025-10-30,3,30,10,0,ENT,12
2025-10-30,3,30,10,0,Gynecology,16
2025-10-31,4,31,10,0,Cardiology,20
2025-10-31,4,31,10,0,Pediatrics,26
2025-10-31,4,31,10,0,Dermatology,18
2025-10-31,4,31,10,0,General Medicine,30
2025-10-31,4,31,10,0,Orthopedics,21
2025-10-31,4,31,10,0,Neurology,13
2025-10-31,4,31,10,0,ENT,13
2025-10-31,4,31,10,0,Gynecology,13
2025-11-01,5,1,11,1,Cardiology,13
2025-11-01,5,1,11,1,Pediatrics,18
2025-11-01,5,1,11,1,Dermatology,10
2025-11-01,5,1,11,1,General Medicine,21
2025-11-01,5,1,11,1,Orthopedics,11
2025-11-01,5,1,11,1,Neurology,9
2025-11-01,5,1,11,1,ENT,7
2025-11-01,5,1,11,1,Gynecology,6
2025-11-02,6,2,11,1,Cardiology,13
2025-11-02,6,2,11,1,Pediatrics,16
2025-11-02,6,2,11,1,Dermatology,5
2025-11-02,6,2,11,1,General Medicine,17
2025-11-02,6,2,11,1,Orthopedics,7
2025-11-02,6,2,11,1,Neurology,6
2025-11-02,6,2,11,1,ENT,7
2025-11-02,6,2,11,1,Gynecology,6
2025-11-03,0,3,11,0,Cardiology,28
2025-11-03,0,3,11,0,Pediatrics,39
2025-11-03,0,3,11,0,Dermatology,21
2025-11-03,0,3,11,0,General Medicine,48
2025-11-03,0,3,11,0,Orthopedics,25
2025-11-03,0,3,11,0,Neurology,16
2025-11-03,0,3,11,0,ENT,20
2025-11-03,0,3,11,0,Gynecology,23
2025-11-04,1,4,11,0,Cardiology,26
2025-11-04,1,4,11,0,Pediatrics,38
2025-11-04,1,4,11,0,Dermatology,22
2025-11-04,1,4,11,0,General Medicine,47
2025-11-04,1,4,11,0,Orthopedics,23
2025-11-04,1,4,11,0,Neurology,18
2025-11-04,1,4,11,0,ENT,18
2025-11-04,1,4,11,0,Gynecology,16
2025-11-05,2,5,11,0,Cardiology,27
2025-11-05,2,5,11,0,Pediatrics,36
2025-11-05,2,5,11,0,Dermatology,17
2025-11-05,2,5,11,0,General Medicine,42
2025-11-05,2,5,11,0,Orthopedics,22
2025-11-05,2,5,11,0,Neurology,14
2025-11-05,2,5,11,0,ENT,18
2025-11-05,2,5,11,0,Gynecology,22
2025-11-06,3,6,11,0,Cardiology,22
2025-11-06,3,6,11,0,Pediatrics,30
2025-11-06,3,6,11,0,Dermatology,19
2025-11-06,3,6,11,0,General Medicine,41
2025-11-06,3,6,11,0,Orthopedics,20
2025-11-06,3,6,11,0,Neurology,17
2025-11-06,3,6,11,0,ENT,12
2025-11-06,3,6,11,0,Gynecology,17
2025-11-07,4,7,11,0,Cardiology,22
2025-11-07,4,7,11,0,Pediatrics,34
2025-11-07,4,7,11,0,Dermatology,21
2025-11-07,4,7,11,0,General Medicine,36
2025-11-07,4,7,11,0,Orthopedics,18
2025-11-07,4,7,11,0,Neurology,15
2025-11-07,4,7,11,0,ENT,13
2025-11-07,4,7,11,0,Gynecology,15
2025-11-08,5,8,11,1,Cardiology,13
2025-11-08,5,8,11,1,Pediatrics,14
2025-11-08,5,8,11,1,Dermatology,10
2025-11-08,5,8,11,1,General Medicine,21
2025-11-08,5,8,11,1,Orthopedics,10
2025-11-08,5,8,11,1,Neurology,11
2025-11-08,5,8,11,1,ENT,6
2025-11-08,5,8,11,1,Gynecology,10
2025-11-09,6,9,11,1,Cardiology,9
2025-11-09,6,9,11,1,Pediatrics,12
2025-11-09,6,9,11,1,Dermatology,9
2025-11-09,6,9,11,1,General Medicine,17
2025-11-09,6,9,11,1,Orthopedics,9
2025-11-09,6,9,11,1,Neurology,8
2025-11-09,6,9,11,1,ENT,5
2025-11-09,6,9,11,1,Gynecology,5
2025-11-10,0,10,11,0,Cardiology,28
2025-11-10,0,10,11,0,Pediatrics,39
2025-11-10,0,10,11,0,Dermatology,28
2025-11-10,0,10,11,0,General Medicine,52
2025-11-10,0,10,11,0,Orthopedics,22
2025-11-10,0,10,11,0,Neurology,15
2025-11-10,0,10,11,0,ENT,20
2025-11-10,0,10,11,0,Gynecology,21
2025-11-11,1,11,11,0,Cardiology,29
2025-11-11,1,11,11,0,Pediatrics,37
2025-11-11,1,11,11,0,Dermatology,20
2025-11-11,1,11,11,0,General Medicine,47
2025-11-11,1,11,11,0,Orthopedics,23
2025-11-11,1,11,11,0,Neurology,12
2025-11-11,1,11,11,0,ENT,17
2025-11-11,1,11,11,0,Gynecology,17
2025-11-12,2,12,11,0,Cardiology,26
2025-11-12,2,12,11,0,Pediatrics,40
2025-11-12,2,12,11,0,Dermatology,20
2025-11-12,2,12,11,0,General Medicine,41
2025-11-12,2,12,11,0,Orthopedics,23
2025-11-12,2,12,11,0,Neurology,16
2025-11-12,2,12,11,0,ENT,17
2025-11-12,2,12,11,0,Gynecology,18
2025-11-13,3,13,11,0,Cardiology,28
2025-11-13,3,13,11,0,Pediatrics,30
2025-11-13,3,13,11,0,Dermatology,19
2025-11-13,3,13,11,0,General Medicine,38
2025-11-13,3,13,11,0,Orthopedics,21
2025-11-13,3,13,11,0,Neurology,12
2025-11-13,3,13,11,0,ENT,14
2025-11-13,3,13,11,0,Gynecology,15
2025-11-14,4,14,11,0,Cardiology,25
2025-11-14,4,14,11,0,Pediatrics,33
2025-11-14,4,14,11,0,Dermatology,15
2025-11-14,4,14,11,0,General Medicine,38
2025-11-14,4,14,11,0,Orthopedics,18
2025-11-14,4,14,11,0,Neurology,11
2025-11-14,4,14,11,0,ENT,14
2025-11-14,4,14,11,0,Gynecology,15
2025-11-15,5,15,11,1,Cardiology,18
2025-11-15,5,15,11,1,Pediatrics,19
2025-11-15,5,15,11,1,Dermatology,7
2025-11-15,5,15,11,1,General Medicine,21
2025-11-15,5,15,11,1,Orthopedics,13
2025-11-15,5,15,11,1,Neurology,12
2025-11-15,5,15,11,1,ENT,5
2025-11-15,5,15,11,1,Gynecology,5
2025-11-16,6,16,11,1,Cardiology,13
2025-11-16,6,16,11,1,Pediatrics,14
2025-11-16,6,16,11,1,Dermatology,5
2025-11-16,6,16,11,1,General Medicine,17
2025-11-16,6,16,11,1,Orthopedics,3
2025-11-16,6,16,11,1,Neurology,6
2025-11-16,6,16,11,1,ENT,7
2025-11-16,6,16,11,1,Gynecology,8
2025-11-17,0,17,11,0,Cardiology,28
2025-11-17,0,17,11,0,Pediatrics,41
2025-11-17,0,17,11,0,Dermatology,21
2025-11-17,0,17,11,0,General Medicine,51
2025-11-17,0,17,11,0,Orthopedics,23
2025-11-17,0,17,11,0,Neurology,17
2025-11-17,0,17,11,0,ENT,17
2025-11-17,0,17,11,0,Gynecology,21
2025-11-18,1,18,11,0,Cardiology,29
2025-11-18,1,18,11,0,Pediatrics,37
2025-11-18,1,18,11,0,Dermatology,21
2025-11-18,1,18,11,0,General Medicine,43
2025-11-18,1,18,11,0,Orthopedics,22
2025-11-18,1,18,11,0,Neurology,16
2025-11-18,1,18,11,0,ENT,22
2025-11-18,1,18,11,0,Gynecology,16
2025-11-19,2,19,11,0,Cardiology,28
2025-11-19,2,19,11,0,Pediatrics,36
2025-11-19,2,19,11,0,Dermatology,19
2025-11-19,2,19,11,0,General Medicine,46
2025-11-19,2,19,11,0,Orthopedics,22
2025-11-19,2,19,11,0,Neurology,15
2025-11-19,2,19,11,0,ENT,16
2025-11-19,2,19,11,0,Gynecology,19
2025-11-20,3,20,11,0,Cardiology,26
2025-11-20,3,20,11,0,Pediatrics,31
2025-11-20,3,20,11,0,Dermatology,15
2025-11-20,3,20,11,0,General Medicine,40
2025-11-20,3,20,11,0,Orthopedics,18
2025-11-20,3,20,11,0,Neurology,14
2025-11-20,3,20,11,0,ENT,17
2025-11-20,3,20,11,0,Gynecology,15
2025-11-21,4,21,11,0,Cardiology,23
2025-11-21,4,21,11,0,Pediatrics,31
2025-11-21,4,21,11,0,Dermatology,19
2025-11-21,4,21,11,0,General Medicine,34
2025-11-21,4,21,11,0,Orthopedics,18
2025-11-21,4,21,11,0,Neurology,14
2025-11-21,4,21,11,0,ENT,17
2025-11-21,4,21,11,0,Gynecology,14
2025-11-22,5,22,11,1,Cardiology,9
2025-11-22,5,22,11,1,Pediatrics,19
2025-11-22,5,22,11,1,Dermatology,9
2025-11-22,5,22,11,1,General Medicine,20
2025-11-22,5,22,11,1,Orthopedics,10
2025-11-22,5,22,11,1,Neurology,7
2025-11-22,5,22,11,1,ENT,7
2025-11-22,5,22,11,1,Gynecology,4
2025-11-23,6,23,11,1,Cardiology,11
2025-11-23,6,23,11,1,Pediatrics,16
2025-11-23,6,23,11,1,Dermatology,9
2025-11-23,6,23,11,1,General Medicine,14
2025-11-23,6,23,11,1,Orthopedics,8
2025-11-23,6,23,11,1,Neurology,6
2025-11-23,6,23,11,1,ENT,7
2025-11-23,6,23,11,1,Gynecology,8
2025-11-24,0,24,11,0,Cardiology,29
2025-11-24,0,24,11,0,Pediatrics,41
2025-11-24,0,24,11,0,Dermatology,23
2025-11-24,0,24,11,0,General Medicine,53
2025-11-24,0,24,11,0,Orthopedics,26
2025-11-24,0,24,11,0,Neurology,19
2025-11-24,0,24,11,0,ENT,19
2025-11-24,0,24,11,0,Gynecology,23
2025-11-25,1,25,11,0,Cardiology,28
2025-11-25,1,25,11,0,Pediatrics,36
2025-11-25,1,25,11,0,Dermatology,24
2025-11-25,1,25,11,0,General Medicine,47
2025-11-25,1,25,11,0,Orthopedics,22
2025-11-25,1,25,11,0,Neurology,15
2025-11-25,1,25,11,0,ENT,18
2025-11-25,1,25,11,0,Gynecology,19
2025-11-26,2,26,11,0,Cardiology,26
2025-11-26,2,26,11,0,Pediatrics,35
2025-11-26,2,26,11,0,Dermatology,22
2025-11-26,2,26,11,0,General Medicine,44
2025-11-26,2,26,11,0,Orthopedics,21
2025-11-26,2,26,11,0,Neurology,17
2025-11-26,2,26,11,0,ENT,14
2025-11-26,2,26,11,0,Gynecology,18
2025-11-27,3,27,11,0,Cardiology,28
2025-11-27,3,27,11,0,Pediatrics,32
2025-11-27,3,27,11,0,Dermatology,16
2025-11-27,3,27,11,0,General Medicine,39
2025-11-27,3,27,11,0,Orthopedics,18
2025-11-27,3,27,11,0,Neurology,12
2025-11-27,3,27,11,0,ENT,14
2025-11-27,3,27,11,0,Gynecology,13
2025-11-28,4,28,11,0,Cardiology,23
2025-11-28,4,28,11,0,Pediatrics,33
2025-11-28,4,28,11,0,Dermatology,15
2025-11-28,4,28,11,0,General Medicine,41
2025-11-28,4,28,11,0,Orthopedics,20
2025-11-28,4,28,11,0,Neurology,15
2025-11-28,4,28,11,0,ENT,13
2025-11-28,4,28,11,0,Gynecology,17
2025-11-29,5,29,11,1,Cardiology,11
2025-11-29,5,29,11,1,Pediatrics,20
2025-11-29,5,29,11,1,Dermatology,10
2025-11-29,5,29,11,1,General Medicine,23
2025-11-29,5,29,11,1,Orthopedics,9
2025-11-29,5,29,11,1,Neurology,6
2025-11-29,5,29,11,1,ENT,9
2025-11-29,5,29,11,1,Gynecology,7
2025-11-30,6,30,11,1,Cardiology,11
2025-11-30,6,30,11,1,Pediatrics,10
2025-11-30,6,30,11,1,Dermatology,9
2025-11-30,6,30,11,1,General Medicine,14
2025-11-30,6,30,11,1,Orthopedics,9
2025-11-30,6,30,11,1,Neurology,7
2025-11-30,6,30,11,1,ENT,5
2025-11-30,6,30,11,1,Gynecology,8
2025-12-01,0,1,12,0,Cardiology,35
2025-12-01,0,1,12,0,Pediatrics,40
2025-12-01,0,1,12,0,Dermatology,20
2025-12-01,0,1,12,0,General Medicine,46
2025-12-01,0,1,12,0,Orthopedics,26
2025-12-01,0,1,12,0,Neurology,14
2025-12-01,0,1,12,0,ENT,19
2025-12-01,0,1,12,0,Gynecology,19
2025-12-02,1,2,12,0,Cardiology,33
2025-12-02,1,2,12,0,Pediatrics,37
2025-12-02,1,2,12,0,Dermatology,20
2025-12-02,1,2,12,0,General Medicine,47
2025-12-02,1,2,12,0,Orthopedics,24
2025-12-02,1,2,12,0,Neurology,17
2025-12-02,1,2,12,0,ENT,18
2025-12-02,1,2,12,0,Gynecology,15
2025-12-03,2,3,12,0,Cardiology,30
2025-12-03,2,3,12,0,Pediatrics,35
2025-12-03,2,3,12,0,Dermatology,17
2025-12-03,2,3,12,0,General Medicine,42
2025-12-03,2,3,12,0,Orthopedics,21
2025-12-03,2,3,12,0,Neurology,14
2025-12-03,2,3,12,0,ENT,16
2025-12-03,2,3,12,0,Gynecology,20
2025-12-04,3,4,12,0,Cardiology,30
2025-12-04,3,4,12,0,Pediatrics,30
2025-12-04,3,4,12,0,Dermatology,19
2025-12-04,3,4,12,0,General Medicine,43
2025-12-04,3,4,12,0,Orthopedics,21
2025-12-04,3,4,12,0,Neurology,16
2025-12-04,3,4,12,0,ENT,19
2025-12-04,3,4,12,0,Gynecology,18
2025-12-05,4,5,12,0,Cardiology,27
2025-12-05,4,5,12,0,Pediatrics,33
2025-12-05,4,5,12,0,Dermatology,17
2025-12-05,4,5,12,0,General Medicine,38
2025-12-05,4,5,12,0,Orthopedics,18
2025-12-05,4,5,12,0,Neurology,16
2025-12-05,4,5,12,0,ENT,13
2025-12-05,4,5,12,0,Gynecology,18
2025-12-06,5,6,12,1,Cardiology,16
2025-12-06,5,6,12,1,Pediatrics,15
2025-12-06,5,6,12,1,Dermatology,11
2025-12-06,5,6,12,1,General Medicine,18
2025-12-06,5,6,12,1,Orthopedics,12
2025-12-06,5,6,12,1,Neurology,9
2025-12-06,5,6,12,1,ENT,7
2025-12-06,5,6,12,1,Gynecology,9
2025-12-07,6,7,12,1,Cardiology,15
2025-12-07,6,7,12,1,Pediatrics,12
2025-12-07,6,7,12,1,Dermatology,5
2025-12-07,6,7,12,1,General Medicine,19
2025-12-07,6,7,12,1,Orthopedics,12
2025-12-07,6,7,12,1,Neurology,6
2025-12-07,6,7,12,1,ENT,8
2025-12-07,6,7,12,1,Gynecology,9
2025-12-08,0,8,12,0,Cardiology,33
2025-12-08,0,8,12,0,Pediatrics,40
2025-12-08,0,8,12,0,Dermatology,25
2025-12-08,0,8,12,0,General Medicine,53
2025-12-08,0,8,12,0,Orthopedics,26
2025-12-08,0,8,12,0,Neurology,16
2025-12-08,0,8,12,0,ENT,23
2025-12-08,0,8,12,0,Gynecology,19
2025-12-09,1,9,12,0,Cardiology,31
2025-12-09,1,9,12,0,Pediatrics,38
2025-12-09,1,9,12,0,Dermatology,24
2025-12-09,1,9,12,0,General Medicine,48
2025-12-09,1,9,12,0,Orthopedics,24
2025-12-09,1,9,12,0,Neurology,17
2025-12-09,1,9,12,0,ENT,17
2025-12-09,1,9,12,0,Gynecology,20
2025-12-10,2,10,12,0,Cardiology,24
2025-12-10,2,10,12,0,Pediatrics,34
2025-12-10,2,10,12,0,Dermatology,19
2025-12-10,2,10,12,0,General Medicine,40
2025-12-10,2,10,12,0,Orthopedics,22
2025-12-10,2,10,12,0,Neurology,14
2025-12-10,2,10,12,0,ENT,19
2025-12-10,2,10,12,0,Gynecology,20
2025-12-11,3,11,12,0,Cardiology,27
2025-12-11,3,11,12,0,Pediatrics,32
2025-12-11,3,11,12,0,Dermatology,18
2025-12-11,3,11,12,0,General Medicine,39
2025-12-11,3,11,12,0,Orthopedics,20
2025-12-11,3,11,12,0,Neurology,12
2025-12-11,3,11,12,0,ENT,13
2025-12-11,3,11,12,0,Gynecology,17
2025-12-12,4,12,12,0,Cardiology,27
2025-12-12,4,12,12,0,Pediatrics,29
2025-12-12,4,12,12,0,Dermatology,19
2025-12-12,4,12,12,0,General Medicine,37
2025-12-12,4,12,12,0,Orthopedics,20
2025-12-12,4,12,12,0,Neurology,15
2025-12-12,4,12,12,0,ENT,14
2025-12-12,4,12,12,0,Gynecology,16
2025-12-13,5,13,12,1,Cardiology,14
2025-12-13,5,13,12,1,Pediatrics,17
2025-12-13,5,13,12,1,Dermatology,9
2025-12-13,5,13,12,1,General Medicine,21
2025-12-13,5,13,12,1,Orthopedics,11
2025-12-13,5,13,12,1,Neurology,5
2025-12-13,5,13,12,1,ENT,7
2025-12-13,5,13,12,1,Gynecology,8
2025-12-14,6,14,12,1,Cardiology,11
2025-12-14,6,14,12,1,Pediatrics,13
2025-12-14,6,14,12,1,Dermatology,7
2025-12-14,6,14,12,1,General Medicine,17
2025-12-14,6,14,12,1,Orthopedics,10
2025-12-14,6,14,12,1,Neurology,4
2025-12-14,6,14,12,1,ENT,4
2025-12-14,6,14,12,1,Gynecology,4
2025-12-15,0,15,12,0,Cardiology,34
2025-12-15,0,15,12,0,Pediatrics,40
2025-12-15,0,15,12,0,Dermatology,21
2025-12-15,0,15,12,0,General Medicine,47
2025-12-15,0,15,12,0,Orthopedics,24
2025-12-15,0,15,12,0,Neurology,18
2025-12-15,0,15,12,0,ENT,20
2025-12-15,0,15,12,0,Gynecology,19
2025-12-16,1,16,12,0,Cardiology,31
2025-12-16,1,16,12,0,Pediatrics,36
2025-12-16,1,16,12,0,Dermatology,21
2025-12-16,1,16,12,0,General Medicine,44
2025-12-16,1,16,12,0,Orthopedics,24
2025-12-16,1,16,12,0,Neurology,13
2025-12-16,1,16,12,0,ENT,17
2025-12-16,1,16,12,0,Gynecology,19
2025-12-17,2,17,12,0,Cardiology,29
2025-12-17,2,17,12,0,Pediatrics,40
2025-12-17,2,17,12,0,Dermatology,20
2025-12-17,2,17,12,0,General Medicine,40
2025-12-17,2,17,12,0,Orthopedics,21
2025-12-17,2,17,12,0,Neurology,11
2025-12-17,2,17,12,0,ENT,16
2025-12-17,2,17,12,0,Gynecology,15
2025-12-18,3,18,12,0,Cardiology,29
2025-12-18,3,18,12,0,Pediatrics,31
2025-12-18,3,18,12,0,Dermatology,18
2025-12-18,3,18,12,0,General Medicine,39
2025-12-18,3,18,12,0,Orthopedics,23
2025-12-18,3,18,12,0,Neurology,13
2025-12-18,3,18,12,0,ENT,19
2025-12-18,3,18,12,0,Gynecology,18
2025-12-19,4,19,12,0,Cardiology,27
2025-12-19,4,19,12,0,Pediatrics,32
2025-12-19,4,19,12,0,Dermatology,18
2025-12-19,4,19,12,0,General Medicine,34
2025-12-19,4,19,12,0,Orthopedics,18
2025-12-19,4,19,12,0,Neurology,15
2025-12-19,4,19,12,0,ENT,14
2025-12-19,4,19,12,0,Gynecology,12
2025-12-20,5,20,12,1,Cardiology,15
2025-12-20,5,20,12,1,Pediatrics,21
2025-12-20,5,20,12,1,Dermatology,12
2025-12-20,5,20,12,1,General Medicine,22
2025-12-20,5,20,12,1,Orthopedics,13
2025-12-20,5,20,12,1,Neurology,7
2025-12-20,5,20,12,1,ENT,5
2025-12-20,5,20,12,1,Gynecology,7
2025-12-21,6,21,12,1,Cardiology,14
2025-12-21,6,21,12,1,Pediatrics,12
2025-12-21,6,21,12,1,Dermatology,7
2025-12-21,6,21,12,1,General Medicine,15
2025-12-21,6,21,12,1,Orthopedics,12
2025-12-21,6,21,12,1,Neurology,9
2025-12-21,6,21,12,1,ENT,10
2025-12-21,6,21,12,1,Gynecology,6
2025-12-22,0,22,12,0,Cardiology,35
2025-12-22,0,22,12,0,Pediatrics,38
2025-12-22,0,22,12,0,Dermatology,25
2025-12-22,0,22,12,0,General Medicine,48
2025-12-22,0,22,12,0,Orthopedics,25
2025-12-22,0,22,12,0,Neurology,15
2025-12-22,0,22,12,0,ENT,18
2025-12-22,0,22,12,0,Gynecology,18
2025-12-23,1,23,12,0,Cardiology,31
2025-12-23,1,23,12,0,Pediatrics,36
2025-12-23,1,23,12,0,Dermatology,20
2025-12-23,1,23,12,0,General Medicine,48
2025-12-23,1,23,12,0,Orthopedics,21
2025-12-23,1,23,12,0,Neurology,17
2025-12-23,1,23,12,0,ENT,20
2025-12-23,1,23,12,0,Gynecology,17
2025-12-24,2,24,12,0,Cardiology,28
2025-12-24,2,24,12,0,Pediatrics,34
2025-12-24,2,24,12,0,Dermatology,21
2025-12-24,2,24,12,0,General Medicine,42
2025-12-24,2,24,12,0,Orthopedics,20
2025-12-24,2,24,12,0,Neurology,16
2025-12-24,2,24,12,0,ENT,14
2025-12-24,2,24,12,0,Gynecology,18
2025-12-25,3,25,12,0,Cardiology,28
2025-12-25,3,25,12,0,Pediatrics,32
2025-12-25,3,25,12,0,Dermatology,16
2025-12-25,3,25,12,0,General Medicine,38
2025-12-25,3,25,12,0,Orthopedics,21
2025-12-25,3,25,12,0,Neurology,16
2025-12-25,3,25,12,0,ENT,14
2025-12-25,3,25,12,0,Gynecology,17
2025-12-26,4,26,12,0,Cardiology,22
2025-12-26,4,26,12,0,Pediatrics,30
2025-12-26,4,26,12,0,Dermatology,17
2025-12-26,4,26,12,0,General Medicine,36
2025-12-26,4,26,12,0,Orthopedics,17
2025-12-26,4,26,12,0,Neurology,12
2025-12-26,4,26,12,0,ENT,15
2025-12-26,4,26,12,0,Gynecology,15
2025-12-27,5,27,12,1,Cardiology,11
2025-12-27,5,27,12,1,Pediatrics,14
2025-12-27,5,27,12,1,Dermatology,9
2025-12-27,5,27,12,1,General Medicine,23
2025-12-27,5,27,12,1,Orthopedics,6
2025-12-27,5,27,12,1,Neurology,7
2025-12-27,5,27,12,1,ENT,7
2025-12-27,5,27,12,1,Gynecology,12
2025-12-28,6,28,12,1,Cardiology,10
2025-12-28,6,28,12,1,Pediatrics,14
2025-12-28,6,28,12,1,Dermatology,7
2025-12-28,6,28,12,1,General Medicine,12
2025-12-28,6,28,12,1,Orthopedics,10
2025-12-28,6,28,12,1,Neurology,6
2025-12-28,6,28,12,1,ENT,7
2025-12-28,6,28,12,1,Gynecology,14
2025-12-29,0,29,12,0,Cardiology,30
2025-12-29,0,29,12,0,Pediatrics,44
2025-12-29,0,29,12,0,Dermatology,22
2025-12-29,0,29,12,0,General Medicine,51
2025-12-29,0,29,12,0,Orthopedics,25
2025-12-29,0,29,12,0,Neurology,17
2025-12-29,0,29,12,0,ENT,18
2025-12-29,0,29,12,0,Gynecology,21
2025-12-30,1,30,12,0,Cardiology,29
2025-12-30,1,30,12,0,Pediatrics,39
2025-12-30,1,30,12,0,Dermatology,20
2025-12-30,1,30,12,0,General Medicine,44
2025-12-30,1,30,12,0,Orthopedics,22
2025-12-30,1,30,12,0,Neurology,19
2025-12-30,1,30,12,0,ENT,16
2025-12-30,1,30,12,0,Gynecology,19
2025-12-31,2,31,12,0,Cardiology,28
2025-12-31,2,31,12,0,Pediatrics,36
2025-12-31,2,31,12,0,Dermatology,20
2025-12-31,2,31,12,0,General Medicine,46
2025-12-31,2,31,12,0,Orthopedics,21
2025-12-31,2,31,12,0,Neurology,16
2025-12-31,2,31,12,0,ENT,16
2025-12-31,2,31,12,0,Gynecology,19
2026-01-01,3,1,1,0,Cardiology,26
2026-01-01,3,1,1,0,Pediatrics,34
2026-01-01,3,1,1,0,Dermatology,18
2026-01-01,3,1,1,0,General Medicine,40
2026-01-01,3,1,1,0,Orthopedics,20
2026-01-01,3,1,1,0,Neurology,15
2026-01-01,3,1,1,0,ENT,15
2026-01-01,3,1,1,0,Gynecology,16
2026-01-02,4,2,1,0,Cardiology,29
2026-01-02,4,2,1,0,Pediatrics,33
2026-01-02,4,2,1,0,Dermatology,19
2026-01-02,4,2,1,0,General Medicine,37
2026-01-02,4,2,1,0,Orthopedics,17
2026-01-02,4,2,1,0,Neurology,15
2026-01-02,4,2,1,0,ENT,16
2026-01-02,4,2,1,0,Gynecology,18
2026-01-03,5,3,1,1,Cardiology,14
2026-01-03,5,3,1,1,Pediatrics,17
2026-01-03,5,3,1,1,Dermatology,7
2026-01-03,5,3,1,1,General Medicine,21
2026-01-03,5,3,1,1,Orthopedics,13
2026-01-03,5,3,1,1,Neurology,7
2026-01-03,5,3,1,1,ENT,10
2026-01-03,5,3,1,1,Gynecology,8
2026-01-04,6,4,1,1,Cardiology,12
2026-01-04,6,4,1,1,Pediatrics,11
2026-01-04,6,4,1,1,Dermatology,7
2026-01-04,6,4,1,1,General Medicine,10
2026-01-04,6,4,1,1,Orthopedics,8
2026-01-04,6,4,1,1,Neurology,2
2026-01-04,6,4,1,1,ENT,8
2026-01-04,6,4,1,1,Gynecology,8
2026-01-05,0,5,1,0,Cardiology,35
2026-01-05,0,5,1,0,Pediatrics,44
2026-01-05,0,5,1,0,Dermatology,21
2026-01-05,0,5,1,0,General Medicine,53
2026-01-05,0,5,1,0,Orthopedics,27
2026-01-05,0,5,1,0,Neurology,17
2026-01-05,0,5,1,0,ENT,21
2026-01-05,0,5,1,0,Gynecology,18
2026-01-06,1,6,1,0,Cardiology,30
2026-01-06,1,6,1,0,Pediatrics,36
2026-01-06,1,6,1,0,Dermatology,20
2026-01-06,1,6,1,0,General Medicine,44
2026-01-06,1,6,1,0,Orthopedics,25
2026-01-06,1,6,1,0,Neurology,16
2026-01-06,1,6,1,0,ENT,18
2026-01-06,1,6,1,0,Gynecology,17
2026-01-07,2,7,1,0,Cardiology,25
2026-01-07,2,7,1,0,Pediatrics,35
2026-01-07,2,7,1,0,Dermatology,15
2026-01-07,2,7,1,0,General Medicine,42
2026-01-07,2,7,1,0,Orthopedics,18
2026-01-07,2,7,1,0,Neurology,19
2026-01-07,2,7,1,0,ENT,18
2026-01-07,2,7,1,0,Gynecology,17
2026-01-08,3,8,1,0,Cardiology,30
2026-01-08,3,8,1,0,Pediatrics,31
2026-01-08,3,8,1,0,Dermatology,19
2026-01-08,3,8,1,0,General Medicine,40
2026-01-08,3,8,1,0,Orthopedics,21
2026-01-08,3,8,1,0,Neurology,17
2026-01-08,3,8,1,0,ENT,16
2026-01-08,3,8,1,0,Gynecology,17
2026-01-09,4,9,1,0,Cardiology,23
2026-01-09,4,9,1,0,Pediatrics,29
2026-01-09,4,9,1,0,Dermatology,17
2026-01-09,4,9,1,0,General Medicine,38
2026-01-09,4,9,1,0,Orthopedics,17
2026-01-09,4,9,1,0,Neurology,18
2026-01-09,4,9,1,0,ENT,17
2026-01-09,4,9,1,0,Gynecology,16
2026-01-10,5,10,1,1,Cardiology,15
2026-01-10,5,10,1,1,Pediatrics,17
2026-01-10,5,10,1,1,Dermatology,8
2026-01-10,5,10,1,1,General Medicine,22
2026-01-10,5,10,1,1,Orthopedics,12
2026-01-10,5,10,1,1,Neurology,5
2026-01-10,5,10,1,1,ENT,9
2026-01-10,5,10,1,1,Gynecology,8
2026-01-11,6,11,1,1,Cardiology,7
2026-01-11,6,11,1,1,Pediatrics,11
2026-01-11,6,11,1,1,Dermatology,6
2026-01-11,6,11,1,1,General Medicine,20
2026-01-11,6,11,1,1,Orthopedics,9
2026-01-11,6,11,1,1,Neurology,3
2026-01-11,6,11,1,1,ENT,7
2026-01-11,6,11,1,1,Gynecology,3
2026-01-12,0,12,1,0,Cardiology,37
2026-01-12,0,12,1,0,Pediatrics,40
2026-01-12,0,12,1,0,Dermatology,22
2026-01-12,0,12,1,0,General Medicine,53
2026-01-12,0,12,1,0,Orthopedics,22
2026-01-12,0,12,1,0,Neurology,15
2026-01-12,0,12,1,0,ENT,18
2026-01-12,0,12,1,0,Gynecology,22
2026-01-13,1,13,1,0,Cardiology,29
2026-01-13,1,13,1,0,Pediatrics,32
2026-01-13,1,13,1,0,Dermatology,20
2026-01-13,1,13,1,0,General Medicine,47
2026-01-13,1,13,1,0,Orthopedics,25
2026-01-13,1,13,1,0,Neurology,15
2026-01-13,1,13,1,0,ENT,16
2026-01-13,1,13,1,0,Gynecology,21
2026-01-14,2,14,1,0,Cardiology,25
2026-01-14,2,14,1,0,Pediatrics,33
2026-01-14,2,14,1,0,Dermatology,19
2026-01-14,2,14,1,0,General Medicine,43
2026-01-14,2,14,1,0,Orthopedics,20
2026-01-14,2,14,1,0,Neurology,15
2026-01-14,2,14,1,0,ENT,11
2026-01-14,2,14,1,0,Gynecology,15
2026-01-15,3,15,1,0,Cardiology,29
2026-01-15,3,15,1,0,Pediatrics,31
2026-01-15,3,15,1,0,Dermatology,18
2026-01-15,3,15,1,0,General Medicine,41
2026-01-15,3,15,1,0,Orthopedics,19
2026-01-15,3,15,1,0,Neurology,14
2026-01-15,3,15,1,0,ENT,13
2026-01-15,3,15,1,0,Gynecology,16
2026-01-16,4,16,1,0,Cardiology,27
2026-01-16,4,16,1,0,Pediatrics,31
2026-01-16,4,16,1,0,Dermatology,16
2026-01-16,4,16,1,0,General Medicine,38
2026-01-16,4,16,1,0,Orthopedics,20
2026-01-16,4,16,1,0,Neurology,9
2026-01-16,4,16,1,0,ENT,17
2026-01-16,4,16,1,0,Gynecology,15
2026-01-17,5,17,1,1,Cardiology,16
2026-01-17,5,17,1,1,Pediatrics,20
2026-01-17,5,17,1,1,Dermatology,7
2026-01-17,5,17,1,1,General Medicine,21
2026-01-17,5,17,1,1,Orthopedics,10
2026-01-17,5,17,1,1,Neurology,6
2026-01-17,5,17,1,1,ENT,12
2026-01-17,5,17,1,1,Gynecology,7
2026-01-18,6,18,1,1,Cardiology,10
2026-01-18,6,18,1,1,Pediatrics,13
2026-01-18,6,18,1,1,Dermatology,5
2026-01-18,6,18,1,1,General Medicine,15
2026-01-18,6,18,1,1,Orthopedics,9
2026-01-18,6,18,1,1,Neurology,5
2026-01-18,6,18,1,1,ENT,6
2026-01-18,6,18,1,1,Gynecology,5
2026-01-19,0,19,1,0,Cardiology,31
2026-01-19,0,19,1,0,Pediatrics,41
2026-01-19,0,19,1,0,Dermatology,26
2026-01-19,0,19,1,0,General Medicine,50
2026-01-19,0,19,1,0,Orthopedics,25
2026-01-19,0,19,1,0,Neurology,19
2026-01-19,0,19,1,0,ENT,16
2026-01-19,0,19,1,0,Gynecology,23
2026-01-20,1,20,1,0,Cardiology,32
2026-01-20,1,20,1,0,Pediatrics,41
2026-01-20,1,20,1,0,Dermatology,19
2026-01-20,1,20,1,0,General Medicine,50
2026-01-20,1,20,1,0,Orthopedics,25
2026-01-20,1,20,1,0,Neurology,17
2026-01-20,1,20,1,0,ENT,18
2026-01-20,1,20,1,0,Gynecology,18
2026-01-21,2,21,1,0,Cardiology,31
2026-01-21,2,21,1,0,Pediatrics,34
2026-01-21,2,21,1,0,Dermatology,15
2026-01-21,2,21,1,0,General Medicine,40
2026-01-21,2,21,1,0,Orthopedics,21
2026-01-21,2,21,1,0,Neurology,15
2026-01-21,2,21,1,0,ENT,16
2026-01-21,2,21,1,0,Gynecology,19
2026-01-22,3,22,1,0,Cardiology,24
2026-01-22,3,22,1,0,Pediatrics,33
2026-01-22,3,22,1,0,Dermatology,14
2026-01-22,3,22,1,0,General Medicine,42
2026-01-22,3,22,1,0,Orthopedics,20
2026-01-22,3,22,1,0,Neurology,15
2026-01-22,3,22,1,0,ENT,13
2026-01-22,3,22,1,0,Gynecology,19
2026-01-23,4,23,1,0,Cardiology,28
2026-01-23,4,23,1,0,Pediatrics,32
2026-01-23,4,23,1,0,Dermatology,17
2026-01-23,4,23,1,0,General Medicine,39
2026-01-23,4,23,1,0,Orthopedics,18
2026-01-23,4,23,1,0,Neurology,15
2026-01-23,4,23,1,0,ENT,18
2026-01-23,4,23,1,0,Gynecology,17
2026-01-24,5,24,1,1,Cardiology,14
2026-01-24,5,24,1,1,Pediatrics,19
2026-01-24,5,24,1,1,Dermatology,7
2026-01-24,5,24,1,1,General Medicine,23
2026-01-24,5,24,1,1,Orthopedics,12
2026-01-24,5,24,1,1,Neurology,4
2026-01-24,5,24,1,1,ENT,6
2026-01-24,5,24,1,1,Gynecology,8
2026-01-25,6,25,1,1,Cardiology,10
2026-01-25,6,25,1,1,Pediatrics,11
2026-01-25,6,25,1,1,Dermatology,8
2026-01-25,6,25,1,1,General Medicine,17
2026-01-25,6,25,1,1,Orthopedics,8
2026-01-25,6,25,1,1,Neurology,4
2026-01-25,6,25,1,1,ENT,8
2026-01-25,6,25,1,1,Gynecology,10
2026-01-26,0,26,1,0,Cardiology,34
2026-01-26,0,26,1,0,Pediatrics,39
2026-01-26,0,26,1,0,Dermatology,23
2026-01-26,0,26,1,0,General Medicine,49
2026-01-26,0,26,1,0,Orthopedics,25
2026-01-26,0,26,1,0,Neurology,19
2026-01-26,0,26,1,0,ENT,15
2026-01-26,0,26,1,0,Gynecology,23
2026-01-27,1,27,1,0,Cardiology,32
2026-01-27,1,27,1,0,Pediatrics,37
2026-01-27,1,27,1,0,Dermatology,21
2026-01-27,1,27,1,0,General Medicine,46
2026-01-27,1,27,1,0,Orthopedics,20
2026-01-27,1,27,1,0,Neurology,19
2026-01-27,1,27,1,0,ENT,17
2026-01-27,1,27,1,0,Gynecology,19
2026-01-28,2,28,1,0,Cardiology,31
2026-01-28,2,28,1,0,Pediatrics,32
2026-01-28,2,28,1,0,Dermatology,20
2026-01-28,2,28,1,0,General Medicine,41
2026-01-28,2,28,1,0,Orthopedics,23
2026-01-28,2,28,1,0,Neurology,10
2026-01-28,2,28,1,0,ENT,16
2026-01-28,2,28,1,0,Gynecology,16
2026-01-29,3,29,1,0,Cardiology,28
2026-01-29,3,29,1,0,Pediatrics,33
2026-01-29,3,29,1,0,Dermatology,17
2026-01-29,3,29,1,0,General Medicine,39
2026-01-29,3,29,1,0,Orthopedics,20
2026-01-29,3,29,1,0,Neurology,12
2026-01-29,3,29,1,0,ENT,17
2026-01-29,3,29,1,0,Gynecology,15
2026-01-30,4,30,1,0,Cardiology,20
2026-01-30,4,30,1,0,Pediatrics,30
2026-01-30,4,30,1,0,Dermatology,15
2026-01-30,4,30,1,0,General Medicine,35
2026-01-30,4,30,1,0,Orthopedics,17
2026-01-30,4,30,1,0,Neurology,14
2026-01-30,4,30,1,0,ENT,17
2026-01-30,4,30,1,0,Gynecology,16
2026-01-31,5,31,1,1,Cardiology,14
2026-01-31,5,31,1,1,Pediatrics,19
2026-01-31,5,31,1,1,Dermatology,9
2026-01-31,5,31,1,1,General Medicine,21
2026-01-31,5,31,1,1,Orthopedics,9
2026-01-31,5,31,1,1,Neurology,4
2026-01-31,5,31,1,1,ENT,7
2026-01-31,5,31,1,1,Gynecology,9
2026-02-01,6,1,2,1,Cardiology,9
2026-02-01,6,1,2,1,Pediatrics,12
2026-02-01,6,1,2,1,Dermatology,5
2026-02-01,6,1,2,1,General Medicine,17
2026-02-01,6,1,2,1,Orthopedics,5
2026-02-01,6,1,2,1,Neurology,7
2026-02-01,6,1,2,1,ENT,4
2026-02-01,6,1,2,1,Gynecology,5
2026-02-02,0,2,2,0,Cardiology,27
2026-02-02,0,2,2,0,Pediatrics,40
2026-02-02,0,2,2,0,Dermatology,24
2026-02-02,0,2,2,0,General Medicine,51
2026-02-02,0,2,2,0,Orthopedics,27
2026-02-02,0,2,2,0,Neurology,19
2026-02-02,0,2,2,0,ENT,17
2026-02-02,0,2,2,0,Gynecology,19
2026-02-03,1,3,2,0,Cardiology,26
2026-02-03,1,3,2,0,Pediatrics,40
2026-02-03,1,3,2,0,Dermatology,18
2026-02-03,1,3,2,0,General Medicine,48
2026-02-03,1,3,2,0,Orthopedics,25
2026-02-03,1,3,2,0,Neurology,20
2026-02-03,1,3,2,0,ENT,16
2026-02-03,1,3,2,0,Gynecology,20
2026-02-04,2,4,2,0,Cardiology,30
2026-02-04,2,4,2,0,Pediatrics,33
2026-02-04,2,4,2,0,Dermatology,16
2026-02-04,2,4,2,0,General Medicine,38
2026-02-04,2,4,2,0,Orthopedics,22
2026-02-04,2,4,2,0,Neurology,11
2026-02-04,2,4,2,0,ENT,15
2026-02-04,2,4,2,0,Gynecology,18
